[     731ms] [INFO] %cDownload the React DevTools for a better development experience: https://reactjs.org/link/react-devtools font-weight:bold @ webpack-internal:///(app-pages-browser)/./node_modules/next/dist/compiled/react-dom/cjs/react-dom.development.js:38559
[     912ms] [LOG] %c
 ██████╗  █████╗ ██████╗ ██████╗ ██╗███████╗██╗        
██╔════╝ ██╔══██╗██╔══██╗██╔══██╗██║██╔════╝██║         
██║  ███╗███████║██████╔╝██████╔╝██║█████╗  ██║         
██║   ██║██╔══██║██╔══██╗██╔══██╗██║██╔══╝  ██║         
╚██████╔╝██║  ██║██████╔╝██║  ██║██║███████╗███████╗    
 ╚═════╝ ╚═╝  ╚═╝╚═════╝ ╚═╝  ╚═╝╚═╝╚══════╝╚══════╝    
%c
███████╗██████╗ ███████╗██╗████████╗ █████╗ ███████╗
██╔════╝██╔══██╗██╔════╝██║╚══██╔══╝██╔══██╗██╔════╝
█████╗  ██████╔╝█████╗  ██║   ██║   ███████║███████╗
██╔══╝  ██╔══██╗██╔══╝  ██║   ██║   ██╔══██║╚════██║
██║     ██║  ██║███████╗██║   ██║   ██║  ██║███████║
╚═╝     ╚═╝  ╚═╝╚══════╝╚═╝   ╚═╝   ╚═╝  ╚═╝╚══════╝
        %c%c color: #7e22ce; font: 400 1em monospace;  background-color: #d2ff00; color: black; font: 400 1em monospace; padding: 0.5em 0; font-weight: bold;  @ webpack-internal:///(app-pages-browser)/./src/context/GlobalContext/index.tsx:16
[    1376ms] [LOG] %c
 ██████╗  █████╗ ██████╗ ██████╗ ██╗███████╗██╗        
██╔════╝ ██╔══██╗██╔══██╗██╔══██╗██║██╔════╝██║         
██║  ███╗███████║██████╔╝██████╔╝██║█████╗  ██║         
██║   ██║██╔══██║██╔══██╗██╔══██╗██║██╔══╝  ██║         
╚██████╔╝██║  ██║██████╔╝██║  ██║██║███████╗███████╗    
 ╚═════╝ ╚═╝  ╚═╝╚═════╝ ╚═╝  ╚═╝╚═╝╚══════╝╚══════╝    
%c
███████╗██████╗ ███████╗██╗████████╗ █████╗ ███████╗
██╔════╝██╔══██╗██╔════╝██║╚══██╔══╝██╔══██╗██╔════╝
█████╗  ██████╔╝█████╗  ██║   ██║   ███████║███████╗
██╔══╝  ██╔══██╗██╔══╝  ██║   ██║   ██╔══██║╚════██║
██║     ██║  ██║███████╗██║   ██║   ██║  ██║███████║
╚═╝     ╚═╝  ╚═╝╚══════╝╚═╝   ╚═╝   ╚═╝  ╚═╝╚══════╝
        %c%c color: #7e22ce; font: 400 1em monospace;  background-color: #d2ff00; color: black; font: 400 1em monospace; padding: 0.5em 0; font-weight: bold;  @ webpack-internal:///(app-pages-browser)/./src/context/GlobalContext/index.tsx:16
[    3123ms] [WARNING] The width(-1) and height(-1) of chart should be greater than 0,
       please check the style of container, or the props width(100%) and height(100%),
       or add a minWidth(0) or minHeight(undefined) or use aspect(undefined) to control the
       height and width. @ webpack-internal:///(app-pages-browser)/./node_modules/recharts/es6/util/LogUtils.js:18
[    3123ms] [WARNING] The width(-1) and height(-1) of chart should be greater than 0,
       please check the style of container, or the props width(100%) and height(100%),
       or add a minWidth(0) or minHeight(undefined) or use aspect(undefined) to control the
       height and width. @ webpack-internal:///(app-pages-browser)/./node_modules/recharts/es6/util/LogUtils.js:18
[   75696ms] [WARNING] Image with src "/_next/static/media/back_card.334cc5f7.png" has either width or height modified, but not the other. If you use CSS to change the size of your image, also include the styles 'width: "auto"' or 'height: "auto"' to maintain the aspect ratio. @ webpack-internal:///(app-pages-browser)/./node_modules/next/dist/shared/lib/utils/warn-once.js:15
[  436216ms] [LOG] [Fast Refresh] rebuilding @ webpack-internal:///(app-pages-browser)/./node_modules/next/dist/client/components/react-dev-overlay/app/hot-reloader-client.js:186
[  441425ms] [ERROR] Warning: Cannot update a component (`%s`) while rendering a different component (`%s`). To locate the bad setState() call inside `%s`, follow the stack trace as described in https://reactjs.org/link/setstate-in-render%s HotReload ForwardRef ForwardRef 
    at eval (webpack-internal:///(app-pages-browser)/./node_modules/next/dist/client/image-component.js:243:47)
    at div
    at div
    at div
    at div
    at TweetCard (webpack-internal:///(app-pages-browser)/./src/components/GlobalComponents/TweetCard/index.tsx:21:11)
    at div
    at section
    at CoursesSection (webpack-internal:///(app-pages-browser)/./src/components/CoursesSection/index.tsx:28:68)
    at section
    at main
    at div
    at div
    at HomeContent (webpack-internal:///(app-pages-browser)/./src/components/HomeContent/index.tsx:40:71)
    at BailoutToCSR (webpack-internal:///(app-pages-browser)/./node_modules/next/dist/shared/lib/lazy-dynamic/dynamic-bailout-to-csr.js:13:11)
    at Suspense
    at LoadableComponent
    at Home
    at ClientPageRoot (webpack-internal:///(app-pages-browser)/./node_modules/next/dist/client/components/client-page.js:14:11)
    at InnerLayoutRouter (webpack-internal:///(app-pages-browser)/./node_modules/next/dist/client/components/layout-router.js:243:11)
    at RedirectErrorBoundary (webpack-internal:///(app-pages-browser)/./node_modules/next/dist/client/components/redirect-boundary.js:74:9)
    at RedirectBoundary (webpack-internal:///(app-pages-browser)/./node_modules/next/dist/client/components/redirect-boundary.js:82:11)
    at NotFoundErrorBoundary (webpack-internal:///(app-pages-browser)/./node_modules/next/dist/client/components/not-found-boundary.js:76:9)
    at NotFoundBoundary (webpack-internal:///(app-pages-browser)/./node_modules/next/dist/client/components/not-found-boundary.js:84:11)
    at LoadingBoundary (webpack-internal:///(app-pages-browser)/./node_modules/next/dist/client/components/layout-router.js:349:11)
    at ErrorBoundary (webpack-internal:///(app-pages-browser)/./node_modules/next/dist/client/components/error-boundary.js:160:11)
    at InnerScrollAndFocusHandler (webpack-internal:///(app-pages-browser)/./node_modules/next/dist/client/components/layout-router.js:153:9)
    at ScrollAndFocusHandler (webpack-internal:///(app-pages-browser)/./node_modules/next/dist/client/components/layout-router.js:228:11)
    at RenderFromTemplateContext (webpack-internal:///(app-pages-browser)/./node_modules/next/dist/client/components/render-from-template-context.js:16:44)
    at OuterLayoutRouter (webpack-internal:///(app-pages-browser)/./node_modules/next/dist/client/components/layout-router.js:370:11)
    at GlobalContextProvider (webpack-internal:///(app-pages-browser)/./src/context/GlobalContext/index.tsx:14:11)
    at body
    at html
    at RootLayout (Server)
    at RedirectErrorBoundary (webpack-internal:///(app-pages-browser)/./node_modules/next/dist/client/components/redirect-boundary.js:74:9)
    at RedirectBoundary (webpack-internal:///(app-pages-browser)/./node_modules/next/dist/client/components/redirect-boundary.js:82:11)
    at NotFoundErrorBoundary (webpack-internal:///(app-pages-browser)/./node_modules/next/dist/client/components/not-found-boundary.js:76:9)
    at NotFoundBoundary (webpack-internal:///(app-pages-browser)/./node_modules/next/dist/client/components/not-found-boundary.js:84:11)
    at DevRootNotFoundBoundary (webpack-internal:///(app-pages-browser)/./node_modules/next/dist/client/components/dev-root-not-found-boundary.js:33:11)
    at ReactDevOverlay (webpack-internal:///(app-pages-browser)/./node_modules/next/dist/client/components/react-dev-overlay/app/ReactDevOverlay.js:87:9)
    at HotReload (webpack-internal:///(app-pages-browser)/./node_modules/next/dist/client/components/react-dev-overlay/app/hot-reloader-client.js:321:11)
    at Router (webpack-internal:///(app-pages-browser)/./node_modules/next/dist/client/components/app-router.js:207:11)
    at ErrorBoundaryHandler (webpack-internal:///(app-pages-browser)/./node_modules/next/dist/client/components/error-boundary.js:113:9)
    at ErrorBoundary (webpack-internal:///(app-pages-browser)/./node_modules/next/dist/client/components/error-boundary.js:160:11)
    at AppRouter (webpack-internal:///(app-pages-browser)/./node_modules/next/dist/client/components/app-router.js:585:13)
    at ServerRoot (webpack-internal:///(app-pages-browser)/./node_modules/next/dist/client/app-index.js:112:27)
    at Root (webpack-internal:///(app-pages-browser)/./node_modules/next/dist/client/app-index.js:117:11) @ webpack-internal:///(app-pages-browser)/./node_modules/next/dist/client/app-index.js:32
[  441439ms] Error: Invalid src prop (https://cc.sj-cdn.net/certificate/3i2kpf9wzkzfs/certificate-a6jsn478578g-1779298010.jpg?Expires=1781793273&Signature=O5wxUOG63nvF350HsRPbtQPbtACHAS~RCP-yBx4DdJWARGy2Fw~N8WJjb9zPwjlf3rK9tUeOi3QANbtYwsb5mf5cclwCrv9v6brKqUVrWnvMYFSXtqucKjYmKHsTu8~NTj~hGUijg-T41U3Lyng7KHN60dtbYG6EKAt8A4yrUM5VoEWEBjBpxWfhwBsO1hClik4O8nrBPVWZcItLkfAETO~vG3l6AERxaOW~c-xS8I1dmcoP4MTwyBlKtBsrx-SJWgJOPyDU7hx16Zr2NmABP2ckmqtgfeudBpn394XN7CHZAqUJL5WSovNxfmKv75WCSY2I42ericCgAERDprAZuw__&Key-Pair-Id=APKAI3B7HFD2VYJQK4MQ) on `next/image`, hostname "cc.sj-cdn.net" is not configured under images in your `next.config.js`
See more info: https://nextjs.org/docs/messages/next-image-unconfigured-host
    at defaultLoader (webpack-internal:///(app-pages-browser)/./node_modules/next/dist/shared/lib/image-loader.js:51:27)
    at eval (webpack-internal:///(app-pages-browser)/./node_modules/next/dist/shared/lib/get-img-props.js:100:36)
    at Array.map (<anonymous>)
    at generateImgAttrs (webpack-internal:///(app-pages-browser)/./node_modules/next/dist/shared/lib/get-img-props.js:100:24)
    at getImgProps (webpack-internal:///(app-pages-browser)/./node_modules/next/dist/shared/lib/get-img-props.js:400:27)
    at eval (webpack-internal:///(app-pages-browser)/./node_modules/next/dist/client/image-component.js:280:82)
    at renderWithHooks (webpack-internal:///(app-pages-browser)/./node_modules/next/dist/compiled/react-dom/cjs/react-dom.development.js:11121:18)
    at updateForwardRef (webpack-internal:///(app-pages-browser)/./node_modules/next/dist/compiled/react-dom/cjs/react-dom.development.js:15854:20)
    at beginWork$1 (webpack-internal:///(app-pages-browser)/./node_modules/next/dist/compiled/react-dom/cjs/react-dom.development.js:18521:16)
    at HTMLUnknownElement.callCallback (webpack-internal:///(app-pages-browser)/./node_modules/next/dist/compiled/react-dom/cjs/react-dom.development.js:20565:14)
    at Object.invokeGuardedCallbackImpl (webpack-internal:///(app-pages-browser)/./node_modules/next/dist/compiled/react-dom/cjs/react-dom.development.js:20614:16)
    at invokeGuardedCallback (webpack-internal:///(app-pages-browser)/./node_modules/next/dist/compiled/react-dom/cjs/react-dom.development.js:20689:29)
    at beginWork (webpack-internal:///(app-pages-browser)/./node_modules/next/dist/compiled/react-dom/cjs/react-dom.development.js:26949:7)
    at performUnitOfWork (webpack-internal:///(app-pages-browser)/./node_modules/next/dist/compiled/react-dom/cjs/react-dom.development.js:25748:12)
    at workLoopSync (webpack-internal:///(app-pages-browser)/./node_modules/next/dist/compiled/react-dom/cjs/react-dom.development.js:25464:5)
    at renderRootSync (webpack-internal:///(app-pages-browser)/./node_modules/next/dist/compiled/react-dom/cjs/react-dom.development.js:25419:7)
    at performSyncWorkOnRoot (webpack-internal:///(app-pages-browser)/./node_modules/next/dist/compiled/react-dom/cjs/react-dom.development.js:24887:20)
    at flushSyncWorkAcrossRoots_impl (webpack-internal:///(app-pages-browser)/./node_modules/next/dist/compiled/react-dom/cjs/react-dom.development.js:7758:13)
    at flushSyncWorkOnAllRoots (webpack-internal:///(app-pages-browser)/./node_modules/next/dist/compiled/react-dom/cjs/react-dom.development.js:7718:3)
    at flushSync$1 (webpack-internal:///(app-pages-browser)/./node_modules/next/dist/compiled/react-dom/cjs/react-dom.development.js:24999:7)
    at Object.scheduleRefresh (webpack-internal:///(app-pages-browser)/./node_modules/next/dist/compiled/react-dom/cjs/react-dom.development.js:27285:5)
    at eval (webpack-internal:///(app-pages-browser)/./node_modules/next/dist/compiled/react-refresh/cjs/react-refresh-runtime.development.js:265:17)
    at Set.forEach (<anonymous>)
    at Object.performReactRefresh (webpack-internal:///(app-pages-browser)/./node_modules/next/dist/compiled/react-refresh/cjs/react-refresh-runtime.development.js:254:26)
    at applyUpdate (webpack-internal:///(app-pages-browser)/./node_modules/next/dist/compiled/@next/react-refresh-utils/dist/internal/helpers.js:139:31)
    at statusHandler (webpack-internal:///(app-pages-browser)/./node_modules/next/dist/compiled/@next/react-refresh-utils/dist/internal/helpers.js:156:13)
    at setStatus (http://localhost:3000/_next/static/chunks/webpack.js?v=1781789387108:508:55)
    at http://localhost:3000/_next/static/chunks/webpack.js?v=1781789387108:678:21
[  441440ms] Error: Invalid src prop (https://cc.sj-cdn.net/certificate/3i2kpf9wzkzfs/certificate-a6jsn478578g-1779298010.jpg?Expires=1781793273&Signature=O5wxUOG63nvF350HsRPbtQPbtACHAS~RCP-yBx4DdJWARGy2Fw~N8WJjb9zPwjlf3rK9tUeOi3QANbtYwsb5mf5cclwCrv9v6brKqUVrWnvMYFSXtqucKjYmKHsTu8~NTj~hGUijg-T41U3Lyng7KHN60dtbYG6EKAt8A4yrUM5VoEWEBjBpxWfhwBsO1hClik4O8nrBPVWZcItLkfAETO~vG3l6AERxaOW~c-xS8I1dmcoP4MTwyBlKtBsrx-SJWgJOPyDU7hx16Zr2NmABP2ckmqtgfeudBpn394XN7CHZAqUJL5WSovNxfmKv75WCSY2I42ericCgAERDprAZuw__&Key-Pair-Id=APKAI3B7HFD2VYJQK4MQ) on `next/image`, hostname "cc.sj-cdn.net" is not configured under images in your `next.config.js`
See more info: https://nextjs.org/docs/messages/next-image-unconfigured-host
    at defaultLoader (webpack-internal:///(app-pages-browser)/./node_modules/next/dist/shared/lib/image-loader.js:51:27)
    at eval (webpack-internal:///(app-pages-browser)/./node_modules/next/dist/shared/lib/get-img-props.js:100:36)
    at Array.map (<anonymous>)
    at generateImgAttrs (webpack-internal:///(app-pages-browser)/./node_modules/next/dist/shared/lib/get-img-props.js:100:24)
    at getImgProps (webpack-internal:///(app-pages-browser)/./node_modules/next/dist/shared/lib/get-img-props.js:400:27)
    at eval (webpack-internal:///(app-pages-browser)/./node_modules/next/dist/client/image-component.js:280:82)
    at renderWithHooks (webpack-internal:///(app-pages-browser)/./node_modules/next/dist/compiled/react-dom/cjs/react-dom.development.js:11121:18)
    at updateForwardRef (webpack-internal:///(app-pages-browser)/./node_modules/next/dist/compiled/react-dom/cjs/react-dom.development.js:15854:20)
    at beginWork$1 (webpack-internal:///(app-pages-browser)/./node_modules/next/dist/compiled/react-dom/cjs/react-dom.development.js:18521:16)
    at beginWork (webpack-internal:///(app-pages-browser)/./node_modules/next/dist/compiled/react-dom/cjs/react-dom.development.js:26927:14)
    at performUnitOfWork (webpack-internal:///(app-pages-browser)/./node_modules/next/dist/compiled/react-dom/cjs/react-dom.development.js:25748:12)
    at workLoopSync (webpack-internal:///(app-pages-browser)/./node_modules/next/dist/compiled/react-dom/cjs/react-dom.development.js:25464:5)
    at renderRootSync (webpack-internal:///(app-pages-browser)/./node_modules/next/dist/compiled/react-dom/cjs/react-dom.development.js:25419:7)
    at performSyncWorkOnRoot (webpack-internal:///(app-pages-browser)/./node_modules/next/dist/compiled/react-dom/cjs/react-dom.development.js:24887:20)
    at flushSyncWorkAcrossRoots_impl (webpack-internal:///(app-pages-browser)/./node_modules/next/dist/compiled/react-dom/cjs/react-dom.development.js:7758:13)
    at flushSyncWorkOnAllRoots (webpack-internal:///(app-pages-browser)/./node_modules/next/dist/compiled/react-dom/cjs/react-dom.development.js:7718:3)
    at flushSync$1 (webpack-internal:///(app-pages-browser)/./node_modules/next/dist/compiled/react-dom/cjs/react-dom.development.js:24999:7)
    at Object.scheduleRefresh (webpack-internal:///(app-pages-browser)/./node_modules/next/dist/compiled/react-dom/cjs/react-dom.development.js:27285:5)
    at eval (webpack-internal:///(app-pages-browser)/./node_modules/next/dist/compiled/react-refresh/cjs/react-refresh-runtime.development.js:265:17)
    at Set.forEach (<anonymous>)
    at Object.performReactRefresh (webpack-internal:///(app-pages-browser)/./node_modules/next/dist/compiled/react-refresh/cjs/react-refresh-runtime.development.js:254:26)
    at applyUpdate (webpack-internal:///(app-pages-browser)/./node_modules/next/dist/compiled/@next/react-refresh-utils/dist/internal/helpers.js:139:31)
    at statusHandler (webpack-internal:///(app-pages-browser)/./node_modules/next/dist/compiled/@next/react-refresh-utils/dist/internal/helpers.js:156:13)
    at setStatus (http://localhost:3000/_next/static/chunks/webpack.js?v=1781789387108:508:55)
    at http://localhost:3000/_next/static/chunks/webpack.js?v=1781789387108:678:21
[  441440ms] Error: Invalid src prop (https://cc.sj-cdn.net/certificate/3i2kpf9wzkzfs/certificate-a6jsn478578g-1779298010.jpg?Expires=1781793273&Signature=O5wxUOG63nvF350HsRPbtQPbtACHAS~RCP-yBx4DdJWARGy2Fw~N8WJjb9zPwjlf3rK9tUeOi3QANbtYwsb5mf5cclwCrv9v6brKqUVrWnvMYFSXtqucKjYmKHsTu8~NTj~hGUijg-T41U3Lyng7KHN60dtbYG6EKAt8A4yrUM5VoEWEBjBpxWfhwBsO1hClik4O8nrBPVWZcItLkfAETO~vG3l6AERxaOW~c-xS8I1dmcoP4MTwyBlKtBsrx-SJWgJOPyDU7hx16Zr2NmABP2ckmqtgfeudBpn394XN7CHZAqUJL5WSovNxfmKv75WCSY2I42ericCgAERDprAZuw__&Key-Pair-Id=APKAI3B7HFD2VYJQK4MQ) on `next/image`, hostname "cc.sj-cdn.net" is not configured under images in your `next.config.js`
See more info: https://nextjs.org/docs/messages/next-image-unconfigured-host
    at defaultLoader (webpack-internal:///(app-pages-browser)/./node_modules/next/dist/shared/lib/image-loader.js:51:27)
    at eval (webpack-internal:///(app-pages-browser)/./node_modules/next/dist/shared/lib/get-img-props.js:100:36)
    at Array.map (<anonymous>)
    at generateImgAttrs (webpack-internal:///(app-pages-browser)/./node_modules/next/dist/shared/lib/get-img-props.js:100:24)
    at getImgProps (webpack-internal:///(app-pages-browser)/./node_modules/next/dist/shared/lib/get-img-props.js:400:27)
    at eval (webpack-internal:///(app-pages-browser)/./node_modules/next/dist/client/image-component.js:280:82)
    at renderWithHooks (webpack-internal:///(app-pages-browser)/./node_modules/next/dist/compiled/react-dom/cjs/react-dom.development.js:11121:18)
    at updateForwardRef (webpack-internal:///(app-pages-browser)/./node_modules/next/dist/compiled/react-dom/cjs/react-dom.development.js:15854:20)
    at beginWork$1 (webpack-internal:///(app-pages-browser)/./node_modules/next/dist/compiled/react-dom/cjs/react-dom.development.js:18521:16)
    at beginWork (webpack-internal:///(app-pages-browser)/./node_modules/next/dist/compiled/react-dom/cjs/react-dom.development.js:26927:14)
    at performUnitOfWork (webpack-internal:///(app-pages-browser)/./node_modules/next/dist/compiled/react-dom/cjs/react-dom.development.js:25748:12)
    at workLoopSync (webpack-internal:///(app-pages-browser)/./node_modules/next/dist/compiled/react-dom/cjs/react-dom.development.js:25464:5)
    at renderRootSync (webpack-internal:///(app-pages-browser)/./node_modules/next/dist/compiled/react-dom/cjs/react-dom.development.js:25419:7)
    at performSyncWorkOnRoot (webpack-internal:///(app-pages-browser)/./node_modules/next/dist/compiled/react-dom/cjs/react-dom.development.js:24887:20)
    at flushSyncWorkAcrossRoots_impl (webpack-internal:///(app-pages-browser)/./node_modules/next/dist/compiled/react-dom/cjs/react-dom.development.js:7758:13)
    at flushSyncWorkOnAllRoots (webpack-internal:///(app-pages-browser)/./node_modules/next/dist/compiled/react-dom/cjs/react-dom.development.js:7718:3)
    at flushSync$1 (webpack-internal:///(app-pages-browser)/./node_modules/next/dist/compiled/react-dom/cjs/react-dom.development.js:24999:7)
    at Object.scheduleRefresh (webpack-internal:///(app-pages-browser)/./node_modules/next/dist/compiled/react-dom/cjs/react-dom.development.js:27285:5)
    at eval (webpack-internal:///(app-pages-browser)/./node_modules/next/dist/compiled/react-refresh/cjs/react-refresh-runtime.development.js:265:17)
    at Set.forEach (<anonymous>)
    at Object.performReactRefresh (webpack-internal:///(app-pages-browser)/./node_modules/next/dist/compiled/react-refresh/cjs/react-refresh-runtime.development.js:254:26)
    at applyUpdate (webpack-internal:///(app-pages-browser)/./node_modules/next/dist/compiled/@next/react-refresh-utils/dist/internal/helpers.js:139:31)
    at statusHandler (webpack-internal:///(app-pages-browser)/./node_modules/next/dist/compiled/@next/react-refresh-utils/dist/internal/helpers.js:156:13)
    at setStatus (http://localhost:3000/_next/static/chunks/webpack.js?v=1781789387108:508:55)
    at http://localhost:3000/_next/static/chunks/webpack.js?v=1781789387108:678:21
[  441440ms] Error: Invalid src prop (https://cc.sj-cdn.net/certificate/3i2kpf9wzkzfs/certificate-a6jsn478578g-1779298010.jpg?Expires=1781793273&Signature=O5wxUOG63nvF350HsRPbtQPbtACHAS~RCP-yBx4DdJWARGy2Fw~N8WJjb9zPwjlf3rK9tUeOi3QANbtYwsb5mf5cclwCrv9v6brKqUVrWnvMYFSXtqucKjYmKHsTu8~NTj~hGUijg-T41U3Lyng7KHN60dtbYG6EKAt8A4yrUM5VoEWEBjBpxWfhwBsO1hClik4O8nrBPVWZcItLkfAETO~vG3l6AERxaOW~c-xS8I1dmcoP4MTwyBlKtBsrx-SJWgJOPyDU7hx16Zr2NmABP2ckmqtgfeudBpn394XN7CHZAqUJL5WSovNxfmKv75WCSY2I42ericCgAERDprAZuw__&Key-Pair-Id=APKAI3B7HFD2VYJQK4MQ) on `next/image`, hostname "cc.sj-cdn.net" is not configured under images in your `next.config.js`
See more info: https://nextjs.org/docs/messages/next-image-unconfigured-host
    at defaultLoader (webpack-internal:///(app-pages-browser)/./node_modules/next/dist/shared/lib/image-loader.js:51:27)
    at eval (webpack-internal:///(app-pages-browser)/./node_modules/next/dist/shared/lib/get-img-props.js:100:36)
    at Array.map (<anonymous>)
    at generateImgAttrs (webpack-internal:///(app-pages-browser)/./node_modules/next/dist/shared/lib/get-img-props.js:100:24)
    at getImgProps (webpack-internal:///(app-pages-browser)/./node_modules/next/dist/shared/lib/get-img-props.js:400:27)
    at eval (webpack-internal:///(app-pages-browser)/./node_modules/next/dist/client/image-component.js:280:82)
    at renderWithHooks (webpack-internal:///(app-pages-browser)/./node_modules/next/dist/compiled/react-dom/cjs/react-dom.development.js:11121:18)
    at updateForwardRef (webpack-internal:///(app-pages-browser)/./node_modules/next/dist/compiled/react-dom/cjs/react-dom.development.js:15854:20)
    at beginWork$1 (webpack-internal:///(app-pages-browser)/./node_modules/next/dist/compiled/react-dom/cjs/react-dom.development.js:18521:16)
    at beginWork (webpack-internal:///(app-pages-browser)/./node_modules/next/dist/compiled/react-dom/cjs/react-dom.development.js:26927:14)
    at performUnitOfWork (webpack-internal:///(app-pages-browser)/./node_modules/next/dist/compiled/react-dom/cjs/react-dom.development.js:25748:12)
    at workLoopSync (webpack-internal:///(app-pages-browser)/./node_modules/next/dist/compiled/react-dom/cjs/react-dom.development.js:25464:5)
    at renderRootSync (webpack-internal:///(app-pages-browser)/./node_modules/next/dist/compiled/react-dom/cjs/react-dom.development.js:25419:7)
    at performSyncWorkOnRoot (webpack-internal:///(app-pages-browser)/./node_modules/next/dist/compiled/react-dom/cjs/react-dom.development.js:24887:20)
    at flushSyncWorkAcrossRoots_impl (webpack-internal:///(app-pages-browser)/./node_modules/next/dist/compiled/react-dom/cjs/react-dom.development.js:7758:13)
    at flushSyncWorkOnAllRoots (webpack-internal:///(app-pages-browser)/./node_modules/next/dist/compiled/react-dom/cjs/react-dom.development.js:7718:3)
    at flushSync$1 (webpack-internal:///(app-pages-browser)/./node_modules/next/dist/compiled/react-dom/cjs/react-dom.development.js:24999:7)
    at Object.scheduleRefresh (webpack-internal:///(app-pages-browser)/./node_modules/next/dist/compiled/react-dom/cjs/react-dom.development.js:27285:5)
    at eval (webpack-internal:///(app-pages-browser)/./node_modules/next/dist/compiled/react-refresh/cjs/react-refresh-runtime.development.js:265:17)
    at Set.forEach (<anonymous>)
    at Object.performReactRefresh (webpack-internal:///(app-pages-browser)/./node_modules/next/dist/compiled/react-refresh/cjs/react-refresh-runtime.development.js:254:26)
    at applyUpdate (webpack-internal:///(app-pages-browser)/./node_modules/next/dist/compiled/@next/react-refresh-utils/dist/internal/helpers.js:139:31)
    at statusHandler (webpack-internal:///(app-pages-browser)/./node_modules/next/dist/compiled/@next/react-refresh-utils/dist/internal/helpers.js:156:13)
    at setStatus (http://localhost:3000/_next/static/chunks/webpack.js?v=1781789387108:508:55)
    at http://localhost:3000/_next/static/chunks/webpack.js?v=1781789387108:678:21
[  441440ms] Error: Invalid src prop (https://cc.sj-cdn.net/certificate/3i2kpf9wzkzfs/certificate-a6jsn478578g-1779298010.jpg?Expires=1781793273&Signature=O5wxUOG63nvF350HsRPbtQPbtACHAS~RCP-yBx4DdJWARGy2Fw~N8WJjb9zPwjlf3rK9tUeOi3QANbtYwsb5mf5cclwCrv9v6brKqUVrWnvMYFSXtqucKjYmKHsTu8~NTj~hGUijg-T41U3Lyng7KHN60dtbYG6EKAt8A4yrUM5VoEWEBjBpxWfhwBsO1hClik4O8nrBPVWZcItLkfAETO~vG3l6AERxaOW~c-xS8I1dmcoP4MTwyBlKtBsrx-SJWgJOPyDU7hx16Zr2NmABP2ckmqtgfeudBpn394XN7CHZAqUJL5WSovNxfmKv75WCSY2I42ericCgAERDprAZuw__&Key-Pair-Id=APKAI3B7HFD2VYJQK4MQ) on `next/image`, hostname "cc.sj-cdn.net" is not configured under images in your `next.config.js`
See more info: https://nextjs.org/docs/messages/next-image-unconfigured-host
    at defaultLoader (webpack-internal:///(app-pages-browser)/./node_modules/next/dist/shared/lib/image-loader.js:51:27)
    at eval (webpack-internal:///(app-pages-browser)/./node_modules/next/dist/shared/lib/get-img-props.js:100:36)
    at Array.map (<anonymous>)
    at generateImgAttrs (webpack-internal:///(app-pages-browser)/./node_modules/next/dist/shared/lib/get-img-props.js:100:24)
    at getImgProps (webpack-internal:///(app-pages-browser)/./node_modules/next/dist/shared/lib/get-img-props.js:400:27)
    at eval (webpack-internal:///(app-pages-browser)/./node_modules/next/dist/client/image-component.js:280:82)
    at renderWithHooks (webpack-internal:///(app-pages-browser)/./node_modules/next/dist/compiled/react-dom/cjs/react-dom.development.js:11121:18)
    at updateForwardRef (webpack-internal:///(app-pages-browser)/./node_modules/next/dist/compiled/react-dom/cjs/react-dom.development.js:15854:20)
    at beginWork$1 (webpack-internal:///(app-pages-browser)/./node_modules/next/dist/compiled/react-dom/cjs/react-dom.development.js:18521:16)
    at beginWork (webpack-internal:///(app-pages-browser)/./node_modules/next/dist/compiled/react-dom/cjs/react-dom.development.js:26927:14)
    at performUnitOfWork (webpack-internal:///(app-pages-browser)/./node_modules/next/dist/compiled/react-dom/cjs/react-dom.development.js:25748:12)
    at workLoopSync (webpack-internal:///(app-pages-browser)/./node_modules/next/dist/compiled/react-dom/cjs/react-dom.development.js:25464:5)
    at renderRootSync (webpack-internal:///(app-pages-browser)/./node_modules/next/dist/compiled/react-dom/cjs/react-dom.development.js:25419:7)
    at performSyncWorkOnRoot (webpack-internal:///(app-pages-browser)/./node_modules/next/dist/compiled/react-dom/cjs/react-dom.development.js:24887:20)
    at flushSyncWorkAcrossRoots_impl (webpack-internal:///(app-pages-browser)/./node_modules/next/dist/compiled/react-dom/cjs/react-dom.development.js:7758:13)
    at flushSyncWorkOnAllRoots (webpack-internal:///(app-pages-browser)/./node_modules/next/dist/compiled/react-dom/cjs/react-dom.development.js:7718:3)
    at flushSync$1 (webpack-internal:///(app-pages-browser)/./node_modules/next/dist/compiled/react-dom/cjs/react-dom.development.js:24999:7)
    at Object.scheduleRefresh (webpack-internal:///(app-pages-browser)/./node_modules/next/dist/compiled/react-dom/cjs/react-dom.development.js:27285:5)
    at eval (webpack-internal:///(app-pages-browser)/./node_modules/next/dist/compiled/react-refresh/cjs/react-refresh-runtime.development.js:265:17)
    at Set.forEach (<anonymous>)
    at Object.performReactRefresh (webpack-internal:///(app-pages-browser)/./node_modules/next/dist/compiled/react-refresh/cjs/react-refresh-runtime.development.js:254:26)
    at applyUpdate (webpack-internal:///(app-pages-browser)/./node_modules/next/dist/compiled/@next/react-refresh-utils/dist/internal/helpers.js:139:31)
    at statusHandler (webpack-internal:///(app-pages-browser)/./node_modules/next/dist/compiled/@next/react-refresh-utils/dist/internal/helpers.js:156:13)
    at setStatus (http://localhost:3000/_next/static/chunks/webpack.js?v=1781789387108:508:55)
    at http://localhost:3000/_next/static/chunks/webpack.js?v=1781789387108:678:21
[  441441ms] Error: Invalid src prop (https://cc.sj-cdn.net/certificate/3i2kpf9wzkzfs/certificate-a6jsn478578g-1779298010.jpg?Expires=1781793273&Signature=O5wxUOG63nvF350HsRPbtQPbtACHAS~RCP-yBx4DdJWARGy2Fw~N8WJjb9zPwjlf3rK9tUeOi3QANbtYwsb5mf5cclwCrv9v6brKqUVrWnvMYFSXtqucKjYmKHsTu8~NTj~hGUijg-T41U3Lyng7KHN60dtbYG6EKAt8A4yrUM5VoEWEBjBpxWfhwBsO1hClik4O8nrBPVWZcItLkfAETO~vG3l6AERxaOW~c-xS8I1dmcoP4MTwyBlKtBsrx-SJWgJOPyDU7hx16Zr2NmABP2ckmqtgfeudBpn394XN7CHZAqUJL5WSovNxfmKv75WCSY2I42ericCgAERDprAZuw__&Key-Pair-Id=APKAI3B7HFD2VYJQK4MQ) on `next/image`, hostname "cc.sj-cdn.net" is not configured under images in your `next.config.js`
See more info: https://nextjs.org/docs/messages/next-image-unconfigured-host
    at defaultLoader (webpack-internal:///(app-pages-browser)/./node_modules/next/dist/shared/lib/image-loader.js:51:27)
    at eval (webpack-internal:///(app-pages-browser)/./node_modules/next/dist/shared/lib/get-img-props.js:100:36)
    at Array.map (<anonymous>)
    at generateImgAttrs (webpack-internal:///(app-pages-browser)/./node_modules/next/dist/shared/lib/get-img-props.js:100:24)
    at getImgProps (webpack-internal:///(app-pages-browser)/./node_modules/next/dist/shared/lib/get-img-props.js:400:27)
    at eval (webpack-internal:///(app-pages-browser)/./node_modules/next/dist/client/image-component.js:280:82)
    at renderWithHooks (webpack-internal:///(app-pages-browser)/./node_modules/next/dist/compiled/react-dom/cjs/react-dom.development.js:11121:18)
    at updateForwardRef (webpack-internal:///(app-pages-browser)/./node_modules/next/dist/compiled/react-dom/cjs/react-dom.development.js:15854:20)
    at beginWork$1 (webpack-internal:///(app-pages-browser)/./node_modules/next/dist/compiled/react-dom/cjs/react-dom.development.js:18521:16)
    at HTMLUnknownElement.callCallback (webpack-internal:///(app-pages-browser)/./node_modules/next/dist/compiled/react-dom/cjs/react-dom.development.js:20565:14)
    at Object.invokeGuardedCallbackImpl (webpack-internal:///(app-pages-browser)/./node_modules/next/dist/compiled/react-dom/cjs/react-dom.development.js:20614:16)
    at invokeGuardedCallback (webpack-internal:///(app-pages-browser)/./node_modules/next/dist/compiled/react-dom/cjs/react-dom.development.js:20689:29)
    at beginWork (webpack-internal:///(app-pages-browser)/./node_modules/next/dist/compiled/react-dom/cjs/react-dom.development.js:26949:7)
    at performUnitOfWork (webpack-internal:///(app-pages-browser)/./node_modules/next/dist/compiled/react-dom/cjs/react-dom.development.js:25748:12)
    at workLoopSync (webpack-internal:///(app-pages-browser)/./node_modules/next/dist/compiled/react-dom/cjs/react-dom.development.js:25464:5)
    at renderRootSync (webpack-internal:///(app-pages-browser)/./node_modules/next/dist/compiled/react-dom/cjs/react-dom.development.js:25419:7)
    at recoverFromConcurrentError (webpack-internal:///(app-pages-browser)/./node_modules/next/dist/compiled/react-dom/cjs/react-dom.development.js:24597:20)
    at performSyncWorkOnRoot (webpack-internal:///(app-pages-browser)/./node_modules/next/dist/compiled/react-dom/cjs/react-dom.development.js:24899:20)
    at flushSyncWorkAcrossRoots_impl (webpack-internal:///(app-pages-browser)/./node_modules/next/dist/compiled/react-dom/cjs/react-dom.development.js:7758:13)
    at flushSyncWorkOnAllRoots (webpack-internal:///(app-pages-browser)/./node_modules/next/dist/compiled/react-dom/cjs/react-dom.development.js:7718:3)
    at flushSync$1 (webpack-internal:///(app-pages-browser)/./node_modules/next/dist/compiled/react-dom/cjs/react-dom.development.js:24999:7)
    at Object.scheduleRefresh (webpack-internal:///(app-pages-browser)/./node_modules/next/dist/compiled/react-dom/cjs/react-dom.development.js:27285:5)
    at eval (webpack-internal:///(app-pages-browser)/./node_modules/next/dist/compiled/react-refresh/cjs/react-refresh-runtime.development.js:265:17)
    at Set.forEach (<anonymous>)
    at Object.performReactRefresh (webpack-internal:///(app-pages-browser)/./node_modules/next/dist/compiled/react-refresh/cjs/react-refresh-runtime.development.js:254:26)
    at applyUpdate (webpack-internal:///(app-pages-browser)/./node_modules/next/dist/compiled/@next/react-refresh-utils/dist/internal/helpers.js:139:31)
    at statusHandler (webpack-internal:///(app-pages-browser)/./node_modules/next/dist/compiled/@next/react-refresh-utils/dist/internal/helpers.js:156:13)
    at setStatus (http://localhost:3000/_next/static/chunks/webpack.js?v=1781789387108:508:55)
    at http://localhost:3000/_next/static/chunks/webpack.js?v=1781789387108:678:21
[  441442ms] Error: Invalid src prop (https://cc.sj-cdn.net/certificate/3i2kpf9wzkzfs/certificate-a6jsn478578g-1779298010.jpg?Expires=1781793273&Signature=O5wxUOG63nvF350HsRPbtQPbtACHAS~RCP-yBx4DdJWARGy2Fw~N8WJjb9zPwjlf3rK9tUeOi3QANbtYwsb5mf5cclwCrv9v6brKqUVrWnvMYFSXtqucKjYmKHsTu8~NTj~hGUijg-T41U3Lyng7KHN60dtbYG6EKAt8A4yrUM5VoEWEBjBpxWfhwBsO1hClik4O8nrBPVWZcItLkfAETO~vG3l6AERxaOW~c-xS8I1dmcoP4MTwyBlKtBsrx-SJWgJOPyDU7hx16Zr2NmABP2ckmqtgfeudBpn394XN7CHZAqUJL5WSovNxfmKv75WCSY2I42ericCgAERDprAZuw__&Key-Pair-Id=APKAI3B7HFD2VYJQK4MQ) on `next/image`, hostname "cc.sj-cdn.net" is not configured under images in your `next.config.js`
See more info: https://nextjs.org/docs/messages/next-image-unconfigured-host
    at defaultLoader (webpack-internal:///(app-pages-browser)/./node_modules/next/dist/shared/lib/image-loader.js:51:27)
    at eval (webpack-internal:///(app-pages-browser)/./node_modules/next/dist/shared/lib/get-img-props.js:100:36)
    at Array.map (<anonymous>)
    at generateImgAttrs (webpack-internal:///(app-pages-browser)/./node_modules/next/dist/shared/lib/get-img-props.js:100:24)
    at getImgProps (webpack-internal:///(app-pages-browser)/./node_modules/next/dist/shared/lib/get-img-props.js:400:27)
    at eval (webpack-internal:///(app-pages-browser)/./node_modules/next/dist/client/image-component.js:280:82)
    at renderWithHooks (webpack-internal:///(app-pages-browser)/./node_modules/next/dist/compiled/react-dom/cjs/react-dom.development.js:11121:18)
    at updateForwardRef (webpack-internal:///(app-pages-browser)/./node_modules/next/dist/compiled/react-dom/cjs/react-dom.development.js:15854:20)
    at beginWork$1 (webpack-internal:///(app-pages-browser)/./node_modules/next/dist/compiled/react-dom/cjs/react-dom.development.js:18521:16)
    at beginWork (webpack-internal:///(app-pages-browser)/./node_modules/next/dist/compiled/react-dom/cjs/react-dom.development.js:26927:14)
    at performUnitOfWork (webpack-internal:///(app-pages-browser)/./node_modules/next/dist/compiled/react-dom/cjs/react-dom.development.js:25748:12)
    at workLoopSync (webpack-internal:///(app-pages-browser)/./node_modules/next/dist/compiled/react-dom/cjs/react-dom.development.js:25464:5)
    at renderRootSync (webpack-internal:///(app-pages-browser)/./node_modules/next/dist/compiled/react-dom/cjs/react-dom.development.js:25419:7)
    at recoverFromConcurrentError (webpack-internal:///(app-pages-browser)/./node_modules/next/dist/compiled/react-dom/cjs/react-dom.development.js:24597:20)
    at performSyncWorkOnRoot (webpack-internal:///(app-pages-browser)/./node_modules/next/dist/compiled/react-dom/cjs/react-dom.development.js:24899:20)
    at flushSyncWorkAcrossRoots_impl (webpack-internal:///(app-pages-browser)/./node_modules/next/dist/compiled/react-dom/cjs/react-dom.development.js:7758:13)
    at flushSyncWorkOnAllRoots (webpack-internal:///(app-pages-browser)/./node_modules/next/dist/compiled/react-dom/cjs/react-dom.development.js:7718:3)
    at flushSync$1 (webpack-internal:///(app-pages-browser)/./node_modules/next/dist/compiled/react-dom/cjs/react-dom.development.js:24999:7)
    at Object.scheduleRefresh (webpack-internal:///(app-pages-browser)/./node_modules/next/dist/compiled/react-dom/cjs/react-dom.development.js:27285:5)
    at eval (webpack-internal:///(app-pages-browser)/./node_modules/next/dist/compiled/react-refresh/cjs/react-refresh-runtime.development.js:265:17)
    at Set.forEach (<anonymous>)
    at Object.performReactRefresh (webpack-internal:///(app-pages-browser)/./node_modules/next/dist/compiled/react-refresh/cjs/react-refresh-runtime.development.js:254:26)
    at applyUpdate (webpack-internal:///(app-pages-browser)/./node_modules/next/dist/compiled/@next/react-refresh-utils/dist/internal/helpers.js:139:31)
    at statusHandler (webpack-internal:///(app-pages-browser)/./node_modules/next/dist/compiled/@next/react-refresh-utils/dist/internal/helpers.js:156:13)
    at setStatus (http://localhost:3000/_next/static/chunks/webpack.js?v=1781789387108:508:55)
    at http://localhost:3000/_next/static/chunks/webpack.js?v=1781789387108:678:21
[  441464ms] Error: Invalid src prop (https://cc.sj-cdn.net/certificate/3i2kpf9wzkzfs/certificate-a6jsn478578g-1779298010.jpg?Expires=1781793273&Signature=O5wxUOG63nvF350HsRPbtQPbtACHAS~RCP-yBx4DdJWARGy2Fw~N8WJjb9zPwjlf3rK9tUeOi3QANbtYwsb5mf5cclwCrv9v6brKqUVrWnvMYFSXtqucKjYmKHsTu8~NTj~hGUijg-T41U3Lyng7KHN60dtbYG6EKAt8A4yrUM5VoEWEBjBpxWfhwBsO1hClik4O8nrBPVWZcItLkfAETO~vG3l6AERxaOW~c-xS8I1dmcoP4MTwyBlKtBsrx-SJWgJOPyDU7hx16Zr2NmABP2ckmqtgfeudBpn394XN7CHZAqUJL5WSovNxfmKv75WCSY2I42ericCgAERDprAZuw__&Key-Pair-Id=APKAI3B7HFD2VYJQK4MQ) on `next/image`, hostname "cc.sj-cdn.net" is not configured under images in your `next.config.js`
See more info: https://nextjs.org/docs/messages/next-image-unconfigured-host
    at defaultLoader (webpack-internal:///(app-pages-browser)/./node_modules/next/dist/shared/lib/image-loader.js:51:27)
    at eval (webpack-internal:///(app-pages-browser)/./node_modules/next/dist/shared/lib/get-img-props.js:100:36)
    at Array.map (<anonymous>)
    at generateImgAttrs (webpack-internal:///(app-pages-browser)/./node_modules/next/dist/shared/lib/get-img-props.js:100:24)
    at getImgProps (webpack-internal:///(app-pages-browser)/./node_modules/next/dist/shared/lib/get-img-props.js:400:27)
    at eval (webpack-internal:///(app-pages-browser)/./node_modules/next/dist/client/image-component.js:280:82)
    at renderWithHooks (webpack-internal:///(app-pages-browser)/./node_modules/next/dist/compiled/react-dom/cjs/react-dom.development.js:11121:18)
    at updateForwardRef (webpack-internal:///(app-pages-browser)/./node_modules/next/dist/compiled/react-dom/cjs/react-dom.development.js:15854:20)
    at beginWork$1 (webpack-internal:///(app-pages-browser)/./node_modules/next/dist/compiled/react-dom/cjs/react-dom.development.js:18521:16)
    at beginWork (webpack-internal:///(app-pages-browser)/./node_modules/next/dist/compiled/react-dom/cjs/react-dom.development.js:26927:14)
    at performUnitOfWork (webpack-internal:///(app-pages-browser)/./node_modules/next/dist/compiled/react-dom/cjs/react-dom.development.js:25748:12)
    at workLoopSync (webpack-internal:///(app-pages-browser)/./node_modules/next/dist/compiled/react-dom/cjs/react-dom.development.js:25464:5)
    at renderRootSync (webpack-internal:///(app-pages-browser)/./node_modules/next/dist/compiled/react-dom/cjs/react-dom.development.js:25419:7)
    at recoverFromConcurrentError (webpack-internal:///(app-pages-browser)/./node_modules/next/dist/compiled/react-dom/cjs/react-dom.development.js:24597:20)
    at performSyncWorkOnRoot (webpack-internal:///(app-pages-browser)/./node_modules/next/dist/compiled/react-dom/cjs/react-dom.development.js:24899:20)
    at flushSyncWorkAcrossRoots_impl (webpack-internal:///(app-pages-browser)/./node_modules/next/dist/compiled/react-dom/cjs/react-dom.development.js:7758:13)
    at flushSyncWorkOnAllRoots (webpack-internal:///(app-pages-browser)/./node_modules/next/dist/compiled/react-dom/cjs/react-dom.development.js:7718:3)
    at flushSync$1 (webpack-internal:///(app-pages-browser)/./node_modules/next/dist/compiled/react-dom/cjs/react-dom.development.js:24999:7)
    at Object.scheduleRefresh (webpack-internal:///(app-pages-browser)/./node_modules/next/dist/compiled/react-dom/cjs/react-dom.development.js:27285:5)
    at eval (webpack-internal:///(app-pages-browser)/./node_modules/next/dist/compiled/react-refresh/cjs/react-refresh-runtime.development.js:265:17)
    at Set.forEach (<anonymous>)
    at Object.performReactRefresh (webpack-internal:///(app-pages-browser)/./node_modules/next/dist/compiled/react-refresh/cjs/react-refresh-runtime.development.js:254:26)
    at applyUpdate (webpack-internal:///(app-pages-browser)/./node_modules/next/dist/compiled/@next/react-refresh-utils/dist/internal/helpers.js:139:31)
    at statusHandler (webpack-internal:///(app-pages-browser)/./node_modules/next/dist/compiled/@next/react-refresh-utils/dist/internal/helpers.js:156:13)
    at setStatus (http://localhost:3000/_next/static/chunks/webpack.js?v=1781789387108:508:55)
    at http://localhost:3000/_next/static/chunks/webpack.js?v=1781789387108:678:21
[  441465ms] Error: Invalid src prop (https://cc.sj-cdn.net/certificate/3i2kpf9wzkzfs/certificate-a6jsn478578g-1779298010.jpg?Expires=1781793273&Signature=O5wxUOG63nvF350HsRPbtQPbtACHAS~RCP-yBx4DdJWARGy2Fw~N8WJjb9zPwjlf3rK9tUeOi3QANbtYwsb5mf5cclwCrv9v6brKqUVrWnvMYFSXtqucKjYmKHsTu8~NTj~hGUijg-T41U3Lyng7KHN60dtbYG6EKAt8A4yrUM5VoEWEBjBpxWfhwBsO1hClik4O8nrBPVWZcItLkfAETO~vG3l6AERxaOW~c-xS8I1dmcoP4MTwyBlKtBsrx-SJWgJOPyDU7hx16Zr2NmABP2ckmqtgfeudBpn394XN7CHZAqUJL5WSovNxfmKv75WCSY2I42ericCgAERDprAZuw__&Key-Pair-Id=APKAI3B7HFD2VYJQK4MQ) on `next/image`, hostname "cc.sj-cdn.net" is not configured under images in your `next.config.js`
See more info: https://nextjs.org/docs/messages/next-image-unconfigured-host
    at defaultLoader (webpack-internal:///(app-pages-browser)/./node_modules/next/dist/shared/lib/image-loader.js:51:27)
    at eval (webpack-internal:///(app-pages-browser)/./node_modules/next/dist/shared/lib/get-img-props.js:100:36)
    at Array.map (<anonymous>)
    at generateImgAttrs (webpack-internal:///(app-pages-browser)/./node_modules/next/dist/shared/lib/get-img-props.js:100:24)
    at getImgProps (webpack-internal:///(app-pages-browser)/./node_modules/next/dist/shared/lib/get-img-props.js:400:27)
    at eval (webpack-internal:///(app-pages-browser)/./node_modules/next/dist/client/image-component.js:280:82)
    at renderWithHooks (webpack-internal:///(app-pages-browser)/./node_modules/next/dist/compiled/react-dom/cjs/react-dom.development.js:11121:18)
    at updateForwardRef (webpack-internal:///(app-pages-browser)/./node_modules/next/dist/compiled/react-dom/cjs/react-dom.development.js:15854:20)
    at beginWork$1 (webpack-internal:///(app-pages-browser)/./node_modules/next/dist/compiled/react-dom/cjs/react-dom.development.js:18521:16)
    at beginWork (webpack-internal:///(app-pages-browser)/./node_modules/next/dist/compiled/react-dom/cjs/react-dom.development.js:26927:14)
    at performUnitOfWork (webpack-internal:///(app-pages-browser)/./node_modules/next/dist/compiled/react-dom/cjs/react-dom.development.js:25748:12)
    at workLoopSync (webpack-internal:///(app-pages-browser)/./node_modules/next/dist/compiled/react-dom/cjs/react-dom.development.js:25464:5)
    at renderRootSync (webpack-internal:///(app-pages-browser)/./node_modules/next/dist/compiled/react-dom/cjs/react-dom.development.js:25419:7)
    at recoverFromConcurrentError (webpack-internal:///(app-pages-browser)/./node_modules/next/dist/compiled/react-dom/cjs/react-dom.development.js:24597:20)
    at performSyncWorkOnRoot (webpack-internal:///(app-pages-browser)/./node_modules/next/dist/compiled/react-dom/cjs/react-dom.development.js:24899:20)
    at flushSyncWorkAcrossRoots_impl (webpack-internal:///(app-pages-browser)/./node_modules/next/dist/compiled/react-dom/cjs/react-dom.development.js:7758:13)
    at flushSyncWorkOnAllRoots (webpack-internal:///(app-pages-browser)/./node_modules/next/dist/compiled/react-dom/cjs/react-dom.development.js:7718:3)
    at flushSync$1 (webpack-internal:///(app-pages-browser)/./node_modules/next/dist/compiled/react-dom/cjs/react-dom.development.js:24999:7)
    at Object.scheduleRefresh (webpack-internal:///(app-pages-browser)/./node_modules/next/dist/compiled/react-dom/cjs/react-dom.development.js:27285:5)
    at eval (webpack-internal:///(app-pages-browser)/./node_modules/next/dist/compiled/react-refresh/cjs/react-refresh-runtime.development.js:265:17)
    at Set.forEach (<anonymous>)
    at Object.performReactRefresh (webpack-internal:///(app-pages-browser)/./node_modules/next/dist/compiled/react-refresh/cjs/react-refresh-runtime.development.js:254:26)
    at applyUpdate (webpack-internal:///(app-pages-browser)/./node_modules/next/dist/compiled/@next/react-refresh-utils/dist/internal/helpers.js:139:31)
    at statusHandler (webpack-internal:///(app-pages-browser)/./node_modules/next/dist/compiled/@next/react-refresh-utils/dist/internal/helpers.js:156:13)
    at setStatus (http://localhost:3000/_next/static/chunks/webpack.js?v=1781789387108:508:55)
    at http://localhost:3000/_next/static/chunks/webpack.js?v=1781789387108:678:21
[  441501ms] Error: Invalid src prop (https://cc.sj-cdn.net/certificate/3i2kpf9wzkzfs/certificate-a6jsn478578g-1779298010.jpg?Expires=1781793273&Signature=O5wxUOG63nvF350HsRPbtQPbtACHAS~RCP-yBx4DdJWARGy2Fw~N8WJjb9zPwjlf3rK9tUeOi3QANbtYwsb5mf5cclwCrv9v6brKqUVrWnvMYFSXtqucKjYmKHsTu8~NTj~hGUijg-T41U3Lyng7KHN60dtbYG6EKAt8A4yrUM5VoEWEBjBpxWfhwBsO1hClik4O8nrBPVWZcItLkfAETO~vG3l6AERxaOW~c-xS8I1dmcoP4MTwyBlKtBsrx-SJWgJOPyDU7hx16Zr2NmABP2ckmqtgfeudBpn394XN7CHZAqUJL5WSovNxfmKv75WCSY2I42ericCgAERDprAZuw__&Key-Pair-Id=APKAI3B7HFD2VYJQK4MQ) on `next/image`, hostname "cc.sj-cdn.net" is not configured under images in your `next.config.js`
See more info: https://nextjs.org/docs/messages/next-image-unconfigured-host
    at defaultLoader (webpack-internal:///(app-pages-browser)/./node_modules/next/dist/shared/lib/image-loader.js:51:27)
    at eval (webpack-internal:///(app-pages-browser)/./node_modules/next/dist/shared/lib/get-img-props.js:100:36)
    at Array.map (<anonymous>)
    at generateImgAttrs (webpack-internal:///(app-pages-browser)/./node_modules/next/dist/shared/lib/get-img-props.js:100:24)
    at getImgProps (webpack-internal:///(app-pages-browser)/./node_modules/next/dist/shared/lib/get-img-props.js:400:27)
    at eval (webpack-internal:///(app-pages-browser)/./node_modules/next/dist/client/image-component.js:280:82)
    at renderWithHooks (webpack-internal:///(app-pages-browser)/./node_modules/next/dist/compiled/react-dom/cjs/react-dom.development.js:11121:18)
    at updateForwardRef (webpack-internal:///(app-pages-browser)/./node_modules/next/dist/compiled/react-dom/cjs/react-dom.development.js:15854:20)
    at beginWork$1 (webpack-internal:///(app-pages-browser)/./node_modules/next/dist/compiled/react-dom/cjs/react-dom.development.js:18521:16)
    at beginWork (webpack-internal:///(app-pages-browser)/./node_modules/next/dist/compiled/react-dom/cjs/react-dom.development.js:26927:14)
    at performUnitOfWork (webpack-internal:///(app-pages-browser)/./node_modules/next/dist/compiled/react-dom/cjs/react-dom.development.js:25748:12)
    at workLoopSync (webpack-internal:///(app-pages-browser)/./node_modules/next/dist/compiled/react-dom/cjs/react-dom.development.js:25464:5)
    at renderRootSync (webpack-internal:///(app-pages-browser)/./node_modules/next/dist/compiled/react-dom/cjs/react-dom.development.js:25419:7)
    at recoverFromConcurrentError (webpack-internal:///(app-pages-browser)/./node_modules/next/dist/compiled/react-dom/cjs/react-dom.development.js:24597:20)
    at performSyncWorkOnRoot (webpack-internal:///(app-pages-browser)/./node_modules/next/dist/compiled/react-dom/cjs/react-dom.development.js:24899:20)
    at flushSyncWorkAcrossRoots_impl (webpack-internal:///(app-pages-browser)/./node_modules/next/dist/compiled/react-dom/cjs/react-dom.development.js:7758:13)
    at flushSyncWorkOnAllRoots (webpack-internal:///(app-pages-browser)/./node_modules/next/dist/compiled/react-dom/cjs/react-dom.development.js:7718:3)
    at flushSync$1 (webpack-internal:///(app-pages-browser)/./node_modules/next/dist/compiled/react-dom/cjs/react-dom.development.js:24999:7)
    at Object.scheduleRefresh (webpack-internal:///(app-pages-browser)/./node_modules/next/dist/compiled/react-dom/cjs/react-dom.development.js:27285:5)
    at eval (webpack-internal:///(app-pages-browser)/./node_modules/next/dist/compiled/react-refresh/cjs/react-refresh-runtime.development.js:265:17)
    at Set.forEach (<anonymous>)
    at Object.performReactRefresh (webpack-internal:///(app-pages-browser)/./node_modules/next/dist/compiled/react-refresh/cjs/react-refresh-runtime.development.js:254:26)
    at applyUpdate (webpack-internal:///(app-pages-browser)/./node_modules/next/dist/compiled/@next/react-refresh-utils/dist/internal/helpers.js:139:31)
    at statusHandler (webpack-internal:///(app-pages-browser)/./node_modules/next/dist/compiled/@next/react-refresh-utils/dist/internal/helpers.js:156:13)
    at setStatus (http://localhost:3000/_next/static/chunks/webpack.js?v=1781789387108:508:55)
    at http://localhost:3000/_next/static/chunks/webpack.js?v=1781789387108:678:21
[  441466ms] [ERROR] The above error occurred in the <NotFoundErrorBoundary> component:

    at eval (webpack-internal:///(app-pages-browser)/./node_modules/next/dist/client/image-component.js:243:47)
    at div
    at div
    at div
    at div
    at TweetCard (webpack-internal:///(app-pages-browser)/./src/components/GlobalComponents/TweetCard/index.tsx:21:11)
    at div
    at section
    at CoursesSection (webpack-internal:///(app-pages-browser)/./src/components/CoursesSection/index.tsx:28:68)
    at section
    at main
    at div
    at div
    at HomeContent (webpack-internal:///(app-pages-browser)/./src/components/HomeContent/index.tsx:40:71)
    at BailoutToCSR (webpack-internal:///(app-pages-browser)/./node_modules/next/dist/shared/lib/lazy-dynamic/dynamic-bailout-to-csr.js:13:11)
    at Suspense
    at LoadableComponent
    at Home
    at ClientPageRoot (webpack-internal:///(app-pages-browser)/./node_modules/next/dist/client/components/client-page.js:14:11)
    at InnerLayoutRouter (webpack-internal:///(app-pages-browser)/./node_modules/next/dist/client/components/layout-router.js:243:11)
    at RedirectErrorBoundary (webpack-internal:///(app-pages-browser)/./node_modules/next/dist/client/components/redirect-boundary.js:74:9)
    at RedirectBoundary (webpack-internal:///(app-pages-browser)/./node_modules/next/dist/client/components/redirect-boundary.js:82:11)
    at NotFoundErrorBoundary (webpack-internal:///(app-pages-browser)/./node_modules/next/dist/client/components/not-found-boundary.js:76:9)
    at NotFoundBoundary (webpack-internal:///(app-pages-browser)/./node_modules/next/dist/client/components/not-found-boundary.js:84:11)
    at LoadingBoundary (webpack-internal:///(app-pages-browser)/./node_modules/next/dist/client/components/layout-router.js:349:11)
    at ErrorBoundary (webpack-internal:///(app-pages-browser)/./node_modules/next/dist/client/components/error-boundary.js:160:11)
    at InnerScrollAndFocusHandler (webpack-internal:///(app-pages-browser)/./node_modules/next/dist/client/components/layout-router.js:153:9)
    at ScrollAndFocusHandler (webpack-internal:///(app-pages-browser)/./node_modules/next/dist/client/components/layout-router.js:228:11)
    at RenderFromTemplateContext (webpack-internal:///(app-pages-browser)/./node_modules/next/dist/client/components/render-from-template-context.js:16:44)
    at OuterLayoutRouter (webpack-internal:///(app-pages-browser)/./node_modules/next/dist/client/components/layout-router.js:370:11)
    at GlobalContextProvider (webpack-internal:///(app-pages-browser)/./src/context/GlobalContext/index.tsx:14:11)
    at body
    at html
    at RootLayout (Server)
    at RedirectErrorBoundary (webpack-internal:///(app-pages-browser)/./node_modules/next/dist/client/components/redirect-boundary.js:74:9)
    at RedirectBoundary (webpack-internal:///(app-pages-browser)/./node_modules/next/dist/client/components/redirect-boundary.js:82:11)
    at NotFoundErrorBoundary (webpack-internal:///(app-pages-browser)/./node_modules/next/dist/client/components/not-found-boundary.js:76:9)
    at NotFoundBoundary (webpack-internal:///(app-pages-browser)/./node_modules/next/dist/client/components/not-found-boundary.js:84:11)
    at DevRootNotFoundBoundary (webpack-internal:///(app-pages-browser)/./node_modules/next/dist/client/components/dev-root-not-found-boundary.js:33:11)
    at ReactDevOverlay (webpack-internal:///(app-pages-browser)/./node_modules/next/dist/client/components/react-dev-overlay/app/ReactDevOverlay.js:87:9)
    at HotReload (webpack-internal:///(app-pages-browser)/./node_modules/next/dist/client/components/react-dev-overlay/app/hot-reloader-client.js:321:11)
    at Router (webpack-internal:///(app-pages-browser)/./node_modules/next/dist/client/components/app-router.js:207:11)
    at ErrorBoundaryHandler (webpack-internal:///(app-pages-browser)/./node_modules/next/dist/client/components/error-boundary.js:113:9)
    at ErrorBoundary (webpack-internal:///(app-pages-browser)/./node_modules/next/dist/client/components/error-boundary.js:160:11)
    at AppRouter (webpack-internal:///(app-pages-browser)/./node_modules/next/dist/client/components/app-router.js:585:13)
    at ServerRoot (webpack-internal:///(app-pages-browser)/./node_modules/next/dist/client/app-index.js:112:27)
    at Root (webpack-internal:///(app-pages-browser)/./node_modules/next/dist/client/app-index.js:117:11)

React will try to recreate this component tree from scratch using the error boundary you provided, ReactDevOverlay. @ webpack-internal:///(app-pages-browser)/./node_modules/next/dist/client/app-index.js:32
[  441497ms] [WARNING] [Fast Refresh] performing full reload because your application had an unrecoverable error @ webpack-internal:///(app-pages-browser)/./node_modules/next/dist/client/components/react-dev-overlay/app/hot-reloader-client.js:114
[  446948ms] [INFO] %cDownload the React DevTools for a better development experience: https://reactjs.org/link/react-devtools font-weight:bold @ webpack-internal:///(app-pages-browser)/./node_modules/next/dist/compiled/react-dom/cjs/react-dom.development.js:38559
[  447254ms] [LOG] %c
 ██████╗  █████╗ ██████╗ ██████╗ ██╗███████╗██╗        
██╔════╝ ██╔══██╗██╔══██╗██╔══██╗██║██╔════╝██║         
██║  ███╗███████║██████╔╝██████╔╝██║█████╗  ██║         
██║   ██║██╔══██║██╔══██╗██╔══██╗██║██╔══╝  ██║         
╚██████╔╝██║  ██║██████╔╝██║  ██║██║███████╗███████╗    
 ╚═════╝ ╚═╝  ╚═╝╚═════╝ ╚═╝  ╚═╝╚═╝╚══════╝╚══════╝    
%c
███████╗██████╗ ███████╗██╗████████╗ █████╗ ███████╗
██╔════╝██╔══██╗██╔════╝██║╚══██╔══╝██╔══██╗██╔════╝
█████╗  ██████╔╝█████╗  ██║   ██║   ███████║███████╗
██╔══╝  ██╔══██╗██╔══╝  ██║   ██║   ██╔══██║╚════██║
██║     ██║  ██║███████╗██║   ██║   ██║  ██║███████║
╚═╝     ╚═╝  ╚═╝╚══════╝╚═╝   ╚═╝   ╚═╝  ╚═╝╚══════╝
        %c%c color: #7e22ce; font: 400 1em monospace;  background-color: #d2ff00; color: black; font: 400 1em monospace; padding: 0.5em 0; font-weight: bold;  @ webpack-internal:///(app-pages-browser)/./src/context/GlobalContext/index.tsx:16
[  447350ms] [LOG] %c
 ██████╗  █████╗ ██████╗ ██████╗ ██╗███████╗██╗        
██╔════╝ ██╔══██╗██╔══██╗██╔══██╗██║██╔════╝██║         
██║  ███╗███████║██████╔╝██████╔╝██║█████╗  ██║         
██║   ██║██╔══██║██╔══██╗██╔══██╗██║██╔══╝  ██║         
╚██████╔╝██║  ██║██████╔╝██║  ██║██║███████╗███████╗    
 ╚═════╝ ╚═╝  ╚═╝╚═════╝ ╚═╝  ╚═╝╚═╝╚══════╝╚══════╝    
%c
███████╗██████╗ ███████╗██╗████████╗ █████╗ ███████╗
██╔════╝██╔══██╗██╔════╝██║╚══██╔══╝██╔══██╗██╔════╝
█████╗  ██████╔╝█████╗  ██║   ██║   ███████║███████╗
██╔══╝  ██╔══██╗██╔══╝  ██║   ██║   ██╔══██║╚════██║
██║     ██║  ██║███████╗██║   ██║   ██║  ██║███████║
╚═╝     ╚═╝  ╚═╝╚══════╝╚═╝   ╚═╝   ╚═╝  ╚═╝╚══════╝
        %c%c color: #7e22ce; font: 400 1em monospace;  background-color: #d2ff00; color: black; font: 400 1em monospace; padding: 0.5em 0; font-weight: bold;  @ webpack-internal:///(app-pages-browser)/./src/context/GlobalContext/index.tsx:16
[  450679ms] [ERROR] Warning: Cannot update a component (`%s`) while rendering a different component (`%s`). To locate the bad setState() call inside `%s`, follow the stack trace as described in https://reactjs.org/link/setstate-in-render%s HotReload ForwardRef ForwardRef 
    at eval (webpack-internal:///(app-pages-browser)/./node_modules/next/dist/client/image-component.js:243:47)
    at div
    at div
    at div
    at div
    at TweetCard (webpack-internal:///(app-pages-browser)/./src/components/GlobalComponents/TweetCard/index.tsx:21:11)
    at div
    at section
    at CoursesSection (webpack-internal:///(app-pages-browser)/./src/components/CoursesSection/index.tsx:28:68)
    at section
    at main
    at div
    at div
    at HomeContent (webpack-internal:///(app-pages-browser)/./src/components/HomeContent/index.tsx:40:71)
    at BailoutToCSR (webpack-internal:///(app-pages-browser)/./node_modules/next/dist/shared/lib/lazy-dynamic/dynamic-bailout-to-csr.js:13:11)
    at Suspense
    at LoadableComponent
    at Home
    at ClientPageRoot (webpack-internal:///(app-pages-browser)/./node_modules/next/dist/client/components/client-page.js:14:11)
    at InnerLayoutRouter (webpack-internal:///(app-pages-browser)/./node_modules/next/dist/client/components/layout-router.js:243:11)
    at RedirectErrorBoundary (webpack-internal:///(app-pages-browser)/./node_modules/next/dist/client/components/redirect-boundary.js:74:9)
    at RedirectBoundary (webpack-internal:///(app-pages-browser)/./node_modules/next/dist/client/components/redirect-boundary.js:82:11)
    at NotFoundErrorBoundary (webpack-internal:///(app-pages-browser)/./node_modules/next/dist/client/components/not-found-boundary.js:76:9)
    at NotFoundBoundary (webpack-internal:///(app-pages-browser)/./node_modules/next/dist/client/components/not-found-boundary.js:84:11)
    at LoadingBoundary (webpack-internal:///(app-pages-browser)/./node_modules/next/dist/client/components/layout-router.js:349:11)
    at ErrorBoundary (webpack-internal:///(app-pages-browser)/./node_modules/next/dist/client/components/error-boundary.js:160:11)
    at InnerScrollAndFocusHandler (webpack-internal:///(app-pages-browser)/./node_modules/next/dist/client/components/layout-router.js:153:9)
    at ScrollAndFocusHandler (webpack-internal:///(app-pages-browser)/./node_modules/next/dist/client/components/layout-router.js:228:11)
    at RenderFromTemplateContext (webpack-internal:///(app-pages-browser)/./node_modules/next/dist/client/components/render-from-template-context.js:16:44)
    at OuterLayoutRouter (webpack-internal:///(app-pages-browser)/./node_modules/next/dist/client/components/layout-router.js:370:11)
    at GlobalContextProvider (webpack-internal:///(app-pages-browser)/./src/context/GlobalContext/index.tsx:14:11)
    at body
    at html
    at RootLayout (Server)
    at RedirectErrorBoundary (webpack-internal:///(app-pages-browser)/./node_modules/next/dist/client/components/redirect-boundary.js:74:9)
    at RedirectBoundary (webpack-internal:///(app-pages-browser)/./node_modules/next/dist/client/components/redirect-boundary.js:82:11)
    at NotFoundErrorBoundary (webpack-internal:///(app-pages-browser)/./node_modules/next/dist/client/components/not-found-boundary.js:76:9)
    at NotFoundBoundary (webpack-internal:///(app-pages-browser)/./node_modules/next/dist/client/components/not-found-boundary.js:84:11)
    at DevRootNotFoundBoundary (webpack-internal:///(app-pages-browser)/./node_modules/next/dist/client/components/dev-root-not-found-boundary.js:33:11)
    at ReactDevOverlay (webpack-internal:///(app-pages-browser)/./node_modules/next/dist/client/components/react-dev-overlay/app/ReactDevOverlay.js:87:9)
    at HotReload (webpack-internal:///(app-pages-browser)/./node_modules/next/dist/client/components/react-dev-overlay/app/hot-reloader-client.js:321:11)
    at Router (webpack-internal:///(app-pages-browser)/./node_modules/next/dist/client/components/app-router.js:207:11)
    at ErrorBoundaryHandler (webpack-internal:///(app-pages-browser)/./node_modules/next/dist/client/components/error-boundary.js:113:9)
    at ErrorBoundary (webpack-internal:///(app-pages-browser)/./node_modules/next/dist/client/components/error-boundary.js:160:11)
    at AppRouter (webpack-internal:///(app-pages-browser)/./node_modules/next/dist/client/components/app-router.js:585:13)
    at ServerRoot (webpack-internal:///(app-pages-browser)/./node_modules/next/dist/client/app-index.js:112:27)
    at Root (webpack-internal:///(app-pages-browser)/./node_modules/next/dist/client/app-index.js:117:11) @ webpack-internal:///(app-pages-browser)/./node_modules/next/dist/client/app-index.js:32
[  450686ms] Error: Invalid src prop (https://cc.sj-cdn.net/certificate/3i2kpf9wzkzfs/certificate-a6jsn478578g-1779298010.jpg?Expires=1781793273&Signature=O5wxUOG63nvF350HsRPbtQPbtACHAS~RCP-yBx4DdJWARGy2Fw~N8WJjb9zPwjlf3rK9tUeOi3QANbtYwsb5mf5cclwCrv9v6brKqUVrWnvMYFSXtqucKjYmKHsTu8~NTj~hGUijg-T41U3Lyng7KHN60dtbYG6EKAt8A4yrUM5VoEWEBjBpxWfhwBsO1hClik4O8nrBPVWZcItLkfAETO~vG3l6AERxaOW~c-xS8I1dmcoP4MTwyBlKtBsrx-SJWgJOPyDU7hx16Zr2NmABP2ckmqtgfeudBpn394XN7CHZAqUJL5WSovNxfmKv75WCSY2I42ericCgAERDprAZuw__&Key-Pair-Id=APKAI3B7HFD2VYJQK4MQ) on `next/image`, hostname "cc.sj-cdn.net" is not configured under images in your `next.config.js`
See more info: https://nextjs.org/docs/messages/next-image-unconfigured-host
    at defaultLoader (webpack-internal:///(app-pages-browser)/./node_modules/next/dist/shared/lib/image-loader.js:51:27)
    at eval (webpack-internal:///(app-pages-browser)/./node_modules/next/dist/shared/lib/get-img-props.js:100:36)
    at Array.map (<anonymous>)
    at generateImgAttrs (webpack-internal:///(app-pages-browser)/./node_modules/next/dist/shared/lib/get-img-props.js:100:24)
    at getImgProps (webpack-internal:///(app-pages-browser)/./node_modules/next/dist/shared/lib/get-img-props.js:400:27)
    at eval (webpack-internal:///(app-pages-browser)/./node_modules/next/dist/client/image-component.js:280:82)
    at renderWithHooks (webpack-internal:///(app-pages-browser)/./node_modules/next/dist/compiled/react-dom/cjs/react-dom.development.js:11121:18)
    at updateForwardRef (webpack-internal:///(app-pages-browser)/./node_modules/next/dist/compiled/react-dom/cjs/react-dom.development.js:15854:20)
    at beginWork$1 (webpack-internal:///(app-pages-browser)/./node_modules/next/dist/compiled/react-dom/cjs/react-dom.development.js:18521:16)
    at HTMLUnknownElement.callCallback (webpack-internal:///(app-pages-browser)/./node_modules/next/dist/compiled/react-dom/cjs/react-dom.development.js:20565:14)
    at Object.invokeGuardedCallbackImpl (webpack-internal:///(app-pages-browser)/./node_modules/next/dist/compiled/react-dom/cjs/react-dom.development.js:20614:16)
    at invokeGuardedCallback (webpack-internal:///(app-pages-browser)/./node_modules/next/dist/compiled/react-dom/cjs/react-dom.development.js:20689:29)
    at beginWork (webpack-internal:///(app-pages-browser)/./node_modules/next/dist/compiled/react-dom/cjs/react-dom.development.js:26949:7)
    at performUnitOfWork (webpack-internal:///(app-pages-browser)/./node_modules/next/dist/compiled/react-dom/cjs/react-dom.development.js:25748:12)
    at workLoopConcurrent (webpack-internal:///(app-pages-browser)/./node_modules/next/dist/compiled/react-dom/cjs/react-dom.development.js:25734:5)
    at renderRootConcurrent (webpack-internal:///(app-pages-browser)/./node_modules/next/dist/compiled/react-dom/cjs/react-dom.development.js:25690:9)
    at performConcurrentWorkOnRoot (webpack-internal:///(app-pages-browser)/./node_modules/next/dist/compiled/react-dom/cjs/react-dom.development.js:24504:38)
    at workLoop (webpack-internal:///(app-pages-browser)/./node_modules/next/dist/compiled/scheduler/cjs/scheduler.development.js:256:34)
    at flushWork (webpack-internal:///(app-pages-browser)/./node_modules/next/dist/compiled/scheduler/cjs/scheduler.development.js:225:14)
    at MessagePort.performWorkUntilDeadline (webpack-internal:///(app-pages-browser)/./node_modules/next/dist/compiled/scheduler/cjs/scheduler.development.js:534:21)
[  450688ms] Error: Invalid src prop (https://cc.sj-cdn.net/certificate/3i2kpf9wzkzfs/certificate-a6jsn478578g-1779298010.jpg?Expires=1781793273&Signature=O5wxUOG63nvF350HsRPbtQPbtACHAS~RCP-yBx4DdJWARGy2Fw~N8WJjb9zPwjlf3rK9tUeOi3QANbtYwsb5mf5cclwCrv9v6brKqUVrWnvMYFSXtqucKjYmKHsTu8~NTj~hGUijg-T41U3Lyng7KHN60dtbYG6EKAt8A4yrUM5VoEWEBjBpxWfhwBsO1hClik4O8nrBPVWZcItLkfAETO~vG3l6AERxaOW~c-xS8I1dmcoP4MTwyBlKtBsrx-SJWgJOPyDU7hx16Zr2NmABP2ckmqtgfeudBpn394XN7CHZAqUJL5WSovNxfmKv75WCSY2I42ericCgAERDprAZuw__&Key-Pair-Id=APKAI3B7HFD2VYJQK4MQ) on `next/image`, hostname "cc.sj-cdn.net" is not configured under images in your `next.config.js`
See more info: https://nextjs.org/docs/messages/next-image-unconfigured-host
    at defaultLoader (webpack-internal:///(app-pages-browser)/./node_modules/next/dist/shared/lib/image-loader.js:51:27)
    at eval (webpack-internal:///(app-pages-browser)/./node_modules/next/dist/shared/lib/get-img-props.js:100:36)
    at Array.map (<anonymous>)
    at generateImgAttrs (webpack-internal:///(app-pages-browser)/./node_modules/next/dist/shared/lib/get-img-props.js:100:24)
    at getImgProps (webpack-internal:///(app-pages-browser)/./node_modules/next/dist/shared/lib/get-img-props.js:400:27)
    at eval (webpack-internal:///(app-pages-browser)/./node_modules/next/dist/client/image-component.js:280:82)
    at renderWithHooks (webpack-internal:///(app-pages-browser)/./node_modules/next/dist/compiled/react-dom/cjs/react-dom.development.js:11121:18)
    at updateForwardRef (webpack-internal:///(app-pages-browser)/./node_modules/next/dist/compiled/react-dom/cjs/react-dom.development.js:15854:20)
    at beginWork$1 (webpack-internal:///(app-pages-browser)/./node_modules/next/dist/compiled/react-dom/cjs/react-dom.development.js:18521:16)
    at beginWork (webpack-internal:///(app-pages-browser)/./node_modules/next/dist/compiled/react-dom/cjs/react-dom.development.js:26927:14)
    at performUnitOfWork (webpack-internal:///(app-pages-browser)/./node_modules/next/dist/compiled/react-dom/cjs/react-dom.development.js:25748:12)
    at workLoopConcurrent (webpack-internal:///(app-pages-browser)/./node_modules/next/dist/compiled/react-dom/cjs/react-dom.development.js:25734:5)
    at renderRootConcurrent (webpack-internal:///(app-pages-browser)/./node_modules/next/dist/compiled/react-dom/cjs/react-dom.development.js:25690:9)
    at performConcurrentWorkOnRoot (webpack-internal:///(app-pages-browser)/./node_modules/next/dist/compiled/react-dom/cjs/react-dom.development.js:24504:38)
    at workLoop (webpack-internal:///(app-pages-browser)/./node_modules/next/dist/compiled/scheduler/cjs/scheduler.development.js:256:34)
    at flushWork (webpack-internal:///(app-pages-browser)/./node_modules/next/dist/compiled/scheduler/cjs/scheduler.development.js:225:14)
    at MessagePort.performWorkUntilDeadline (webpack-internal:///(app-pages-browser)/./node_modules/next/dist/compiled/scheduler/cjs/scheduler.development.js:534:21)
[  450689ms] Error: Invalid src prop (https://cc.sj-cdn.net/certificate/3i2kpf9wzkzfs/certificate-a6jsn478578g-1779298010.jpg?Expires=1781793273&Signature=O5wxUOG63nvF350HsRPbtQPbtACHAS~RCP-yBx4DdJWARGy2Fw~N8WJjb9zPwjlf3rK9tUeOi3QANbtYwsb5mf5cclwCrv9v6brKqUVrWnvMYFSXtqucKjYmKHsTu8~NTj~hGUijg-T41U3Lyng7KHN60dtbYG6EKAt8A4yrUM5VoEWEBjBpxWfhwBsO1hClik4O8nrBPVWZcItLkfAETO~vG3l6AERxaOW~c-xS8I1dmcoP4MTwyBlKtBsrx-SJWgJOPyDU7hx16Zr2NmABP2ckmqtgfeudBpn394XN7CHZAqUJL5WSovNxfmKv75WCSY2I42ericCgAERDprAZuw__&Key-Pair-Id=APKAI3B7HFD2VYJQK4MQ) on `next/image`, hostname "cc.sj-cdn.net" is not configured under images in your `next.config.js`
See more info: https://nextjs.org/docs/messages/next-image-unconfigured-host
    at defaultLoader (webpack-internal:///(app-pages-browser)/./node_modules/next/dist/shared/lib/image-loader.js:51:27)
    at eval (webpack-internal:///(app-pages-browser)/./node_modules/next/dist/shared/lib/get-img-props.js:100:36)
    at Array.map (<anonymous>)
    at generateImgAttrs (webpack-internal:///(app-pages-browser)/./node_modules/next/dist/shared/lib/get-img-props.js:100:24)
    at getImgProps (webpack-internal:///(app-pages-browser)/./node_modules/next/dist/shared/lib/get-img-props.js:400:27)
    at eval (webpack-internal:///(app-pages-browser)/./node_modules/next/dist/client/image-component.js:280:82)
    at renderWithHooks (webpack-internal:///(app-pages-browser)/./node_modules/next/dist/compiled/react-dom/cjs/react-dom.development.js:11121:18)
    at updateForwardRef (webpack-internal:///(app-pages-browser)/./node_modules/next/dist/compiled/react-dom/cjs/react-dom.development.js:15854:20)
    at beginWork$1 (webpack-internal:///(app-pages-browser)/./node_modules/next/dist/compiled/react-dom/cjs/react-dom.development.js:18521:16)
    at beginWork (webpack-internal:///(app-pages-browser)/./node_modules/next/dist/compiled/react-dom/cjs/react-dom.development.js:26927:14)
    at performUnitOfWork (webpack-internal:///(app-pages-browser)/./node_modules/next/dist/compiled/react-dom/cjs/react-dom.development.js:25748:12)
    at workLoopConcurrent (webpack-internal:///(app-pages-browser)/./node_modules/next/dist/compiled/react-dom/cjs/react-dom.development.js:25734:5)
    at renderRootConcurrent (webpack-internal:///(app-pages-browser)/./node_modules/next/dist/compiled/react-dom/cjs/react-dom.development.js:25690:9)
    at performConcurrentWorkOnRoot (webpack-internal:///(app-pages-browser)/./node_modules/next/dist/compiled/react-dom/cjs/react-dom.development.js:24504:38)
    at workLoop (webpack-internal:///(app-pages-browser)/./node_modules/next/dist/compiled/scheduler/cjs/scheduler.development.js:256:34)
    at flushWork (webpack-internal:///(app-pages-browser)/./node_modules/next/dist/compiled/scheduler/cjs/scheduler.development.js:225:14)
    at MessagePort.performWorkUntilDeadline (webpack-internal:///(app-pages-browser)/./node_modules/next/dist/compiled/scheduler/cjs/scheduler.development.js:534:21)
[  450689ms] Error: Invalid src prop (https://cc.sj-cdn.net/certificate/3i2kpf9wzkzfs/certificate-a6jsn478578g-1779298010.jpg?Expires=1781793273&Signature=O5wxUOG63nvF350HsRPbtQPbtACHAS~RCP-yBx4DdJWARGy2Fw~N8WJjb9zPwjlf3rK9tUeOi3QANbtYwsb5mf5cclwCrv9v6brKqUVrWnvMYFSXtqucKjYmKHsTu8~NTj~hGUijg-T41U3Lyng7KHN60dtbYG6EKAt8A4yrUM5VoEWEBjBpxWfhwBsO1hClik4O8nrBPVWZcItLkfAETO~vG3l6AERxaOW~c-xS8I1dmcoP4MTwyBlKtBsrx-SJWgJOPyDU7hx16Zr2NmABP2ckmqtgfeudBpn394XN7CHZAqUJL5WSovNxfmKv75WCSY2I42ericCgAERDprAZuw__&Key-Pair-Id=APKAI3B7HFD2VYJQK4MQ) on `next/image`, hostname "cc.sj-cdn.net" is not configured under images in your `next.config.js`
See more info: https://nextjs.org/docs/messages/next-image-unconfigured-host
    at defaultLoader (webpack-internal:///(app-pages-browser)/./node_modules/next/dist/shared/lib/image-loader.js:51:27)
    at eval (webpack-internal:///(app-pages-browser)/./node_modules/next/dist/shared/lib/get-img-props.js:100:36)
    at Array.map (<anonymous>)
    at generateImgAttrs (webpack-internal:///(app-pages-browser)/./node_modules/next/dist/shared/lib/get-img-props.js:100:24)
    at getImgProps (webpack-internal:///(app-pages-browser)/./node_modules/next/dist/shared/lib/get-img-props.js:400:27)
    at eval (webpack-internal:///(app-pages-browser)/./node_modules/next/dist/client/image-component.js:280:82)
    at renderWithHooks (webpack-internal:///(app-pages-browser)/./node_modules/next/dist/compiled/react-dom/cjs/react-dom.development.js:11121:18)
    at updateForwardRef (webpack-internal:///(app-pages-browser)/./node_modules/next/dist/compiled/react-dom/cjs/react-dom.development.js:15854:20)
    at beginWork$1 (webpack-internal:///(app-pages-browser)/./node_modules/next/dist/compiled/react-dom/cjs/react-dom.development.js:18521:16)
    at beginWork (webpack-internal:///(app-pages-browser)/./node_modules/next/dist/compiled/react-dom/cjs/react-dom.development.js:26927:14)
    at performUnitOfWork (webpack-internal:///(app-pages-browser)/./node_modules/next/dist/compiled/react-dom/cjs/react-dom.development.js:25748:12)
    at workLoopConcurrent (webpack-internal:///(app-pages-browser)/./node_modules/next/dist/compiled/react-dom/cjs/react-dom.development.js:25734:5)
    at renderRootConcurrent (webpack-internal:///(app-pages-browser)/./node_modules/next/dist/compiled/react-dom/cjs/react-dom.development.js:25690:9)
    at performConcurrentWorkOnRoot (webpack-internal:///(app-pages-browser)/./node_modules/next/dist/compiled/react-dom/cjs/react-dom.development.js:24504:38)
    at workLoop (webpack-internal:///(app-pages-browser)/./node_modules/next/dist/compiled/scheduler/cjs/scheduler.development.js:256:34)
    at flushWork (webpack-internal:///(app-pages-browser)/./node_modules/next/dist/compiled/scheduler/cjs/scheduler.development.js:225:14)
    at MessagePort.performWorkUntilDeadline (webpack-internal:///(app-pages-browser)/./node_modules/next/dist/compiled/scheduler/cjs/scheduler.development.js:534:21)
[  450692ms] Error: Invalid src prop (https://cc.sj-cdn.net/certificate/3i2kpf9wzkzfs/certificate-a6jsn478578g-1779298010.jpg?Expires=1781793273&Signature=O5wxUOG63nvF350HsRPbtQPbtACHAS~RCP-yBx4DdJWARGy2Fw~N8WJjb9zPwjlf3rK9tUeOi3QANbtYwsb5mf5cclwCrv9v6brKqUVrWnvMYFSXtqucKjYmKHsTu8~NTj~hGUijg-T41U3Lyng7KHN60dtbYG6EKAt8A4yrUM5VoEWEBjBpxWfhwBsO1hClik4O8nrBPVWZcItLkfAETO~vG3l6AERxaOW~c-xS8I1dmcoP4MTwyBlKtBsrx-SJWgJOPyDU7hx16Zr2NmABP2ckmqtgfeudBpn394XN7CHZAqUJL5WSovNxfmKv75WCSY2I42ericCgAERDprAZuw__&Key-Pair-Id=APKAI3B7HFD2VYJQK4MQ) on `next/image`, hostname "cc.sj-cdn.net" is not configured under images in your `next.config.js`
See more info: https://nextjs.org/docs/messages/next-image-unconfigured-host
    at defaultLoader (webpack-internal:///(app-pages-browser)/./node_modules/next/dist/shared/lib/image-loader.js:51:27)
    at eval (webpack-internal:///(app-pages-browser)/./node_modules/next/dist/shared/lib/get-img-props.js:100:36)
    at Array.map (<anonymous>)
    at generateImgAttrs (webpack-internal:///(app-pages-browser)/./node_modules/next/dist/shared/lib/get-img-props.js:100:24)
    at getImgProps (webpack-internal:///(app-pages-browser)/./node_modules/next/dist/shared/lib/get-img-props.js:400:27)
    at eval (webpack-internal:///(app-pages-browser)/./node_modules/next/dist/client/image-component.js:280:82)
    at renderWithHooks (webpack-internal:///(app-pages-browser)/./node_modules/next/dist/compiled/react-dom/cjs/react-dom.development.js:11121:18)
    at updateForwardRef (webpack-internal:///(app-pages-browser)/./node_modules/next/dist/compiled/react-dom/cjs/react-dom.development.js:15854:20)
    at beginWork$1 (webpack-internal:///(app-pages-browser)/./node_modules/next/dist/compiled/react-dom/cjs/react-dom.development.js:18521:16)
    at beginWork (webpack-internal:///(app-pages-browser)/./node_modules/next/dist/compiled/react-dom/cjs/react-dom.development.js:26927:14)
    at performUnitOfWork (webpack-internal:///(app-pages-browser)/./node_modules/next/dist/compiled/react-dom/cjs/react-dom.development.js:25748:12)
    at workLoopConcurrent (webpack-internal:///(app-pages-browser)/./node_modules/next/dist/compiled/react-dom/cjs/react-dom.development.js:25734:5)
    at renderRootConcurrent (webpack-internal:///(app-pages-browser)/./node_modules/next/dist/compiled/react-dom/cjs/react-dom.development.js:25690:9)
    at performConcurrentWorkOnRoot (webpack-internal:///(app-pages-browser)/./node_modules/next/dist/compiled/react-dom/cjs/react-dom.development.js:24504:38)
    at workLoop (webpack-internal:///(app-pages-browser)/./node_modules/next/dist/compiled/scheduler/cjs/scheduler.development.js:256:34)
    at flushWork (webpack-internal:///(app-pages-browser)/./node_modules/next/dist/compiled/scheduler/cjs/scheduler.development.js:225:14)
    at MessagePort.performWorkUntilDeadline (webpack-internal:///(app-pages-browser)/./node_modules/next/dist/compiled/scheduler/cjs/scheduler.development.js:534:21)
[  450698ms] Error: Invalid src prop (https://cc.sj-cdn.net/certificate/3i2kpf9wzkzfs/certificate-a6jsn478578g-1779298010.jpg?Expires=1781793273&Signature=O5wxUOG63nvF350HsRPbtQPbtACHAS~RCP-yBx4DdJWARGy2Fw~N8WJjb9zPwjlf3rK9tUeOi3QANbtYwsb5mf5cclwCrv9v6brKqUVrWnvMYFSXtqucKjYmKHsTu8~NTj~hGUijg-T41U3Lyng7KHN60dtbYG6EKAt8A4yrUM5VoEWEBjBpxWfhwBsO1hClik4O8nrBPVWZcItLkfAETO~vG3l6AERxaOW~c-xS8I1dmcoP4MTwyBlKtBsrx-SJWgJOPyDU7hx16Zr2NmABP2ckmqtgfeudBpn394XN7CHZAqUJL5WSovNxfmKv75WCSY2I42ericCgAERDprAZuw__&Key-Pair-Id=APKAI3B7HFD2VYJQK4MQ) on `next/image`, hostname "cc.sj-cdn.net" is not configured under images in your `next.config.js`
See more info: https://nextjs.org/docs/messages/next-image-unconfigured-host
    at defaultLoader (webpack-internal:///(app-pages-browser)/./node_modules/next/dist/shared/lib/image-loader.js:51:27)
    at eval (webpack-internal:///(app-pages-browser)/./node_modules/next/dist/shared/lib/get-img-props.js:100:36)
    at Array.map (<anonymous>)
    at generateImgAttrs (webpack-internal:///(app-pages-browser)/./node_modules/next/dist/shared/lib/get-img-props.js:100:24)
    at getImgProps (webpack-internal:///(app-pages-browser)/./node_modules/next/dist/shared/lib/get-img-props.js:400:27)
    at eval (webpack-internal:///(app-pages-browser)/./node_modules/next/dist/client/image-component.js:280:82)
    at renderWithHooks (webpack-internal:///(app-pages-browser)/./node_modules/next/dist/compiled/react-dom/cjs/react-dom.development.js:11121:18)
    at updateForwardRef (webpack-internal:///(app-pages-browser)/./node_modules/next/dist/compiled/react-dom/cjs/react-dom.development.js:15854:20)
    at beginWork$1 (webpack-internal:///(app-pages-browser)/./node_modules/next/dist/compiled/react-dom/cjs/react-dom.development.js:18521:16)
    at HTMLUnknownElement.callCallback (webpack-internal:///(app-pages-browser)/./node_modules/next/dist/compiled/react-dom/cjs/react-dom.development.js:20565:14)
    at Object.invokeGuardedCallbackImpl (webpack-internal:///(app-pages-browser)/./node_modules/next/dist/compiled/react-dom/cjs/react-dom.development.js:20614:16)
    at invokeGuardedCallback (webpack-internal:///(app-pages-browser)/./node_modules/next/dist/compiled/react-dom/cjs/react-dom.development.js:20689:29)
    at beginWork (webpack-internal:///(app-pages-browser)/./node_modules/next/dist/compiled/react-dom/cjs/react-dom.development.js:26949:7)
    at performUnitOfWork (webpack-internal:///(app-pages-browser)/./node_modules/next/dist/compiled/react-dom/cjs/react-dom.development.js:25748:12)
    at workLoopSync (webpack-internal:///(app-pages-browser)/./node_modules/next/dist/compiled/react-dom/cjs/react-dom.development.js:25464:5)
    at renderRootSync (webpack-internal:///(app-pages-browser)/./node_modules/next/dist/compiled/react-dom/cjs/react-dom.development.js:25419:7)
    at recoverFromConcurrentError (webpack-internal:///(app-pages-browser)/./node_modules/next/dist/compiled/react-dom/cjs/react-dom.development.js:24597:20)
    at performConcurrentWorkOnRoot (webpack-internal:///(app-pages-browser)/./node_modules/next/dist/compiled/react-dom/cjs/react-dom.development.js:24542:26)
    at workLoop (webpack-internal:///(app-pages-browser)/./node_modules/next/dist/compiled/scheduler/cjs/scheduler.development.js:256:34)
    at flushWork (webpack-internal:///(app-pages-browser)/./node_modules/next/dist/compiled/scheduler/cjs/scheduler.development.js:225:14)
    at MessagePort.performWorkUntilDeadline (webpack-internal:///(app-pages-browser)/./node_modules/next/dist/compiled/scheduler/cjs/scheduler.development.js:534:21)
[  450699ms] Error: Invalid src prop (https://cc.sj-cdn.net/certificate/3i2kpf9wzkzfs/certificate-a6jsn478578g-1779298010.jpg?Expires=1781793273&Signature=O5wxUOG63nvF350HsRPbtQPbtACHAS~RCP-yBx4DdJWARGy2Fw~N8WJjb9zPwjlf3rK9tUeOi3QANbtYwsb5mf5cclwCrv9v6brKqUVrWnvMYFSXtqucKjYmKHsTu8~NTj~hGUijg-T41U3Lyng7KHN60dtbYG6EKAt8A4yrUM5VoEWEBjBpxWfhwBsO1hClik4O8nrBPVWZcItLkfAETO~vG3l6AERxaOW~c-xS8I1dmcoP4MTwyBlKtBsrx-SJWgJOPyDU7hx16Zr2NmABP2ckmqtgfeudBpn394XN7CHZAqUJL5WSovNxfmKv75WCSY2I42ericCgAERDprAZuw__&Key-Pair-Id=APKAI3B7HFD2VYJQK4MQ) on `next/image`, hostname "cc.sj-cdn.net" is not configured under images in your `next.config.js`
See more info: https://nextjs.org/docs/messages/next-image-unconfigured-host
    at defaultLoader (webpack-internal:///(app-pages-browser)/./node_modules/next/dist/shared/lib/image-loader.js:51:27)
    at eval (webpack-internal:///(app-pages-browser)/./node_modules/next/dist/shared/lib/get-img-props.js:100:36)
    at Array.map (<anonymous>)
    at generateImgAttrs (webpack-internal:///(app-pages-browser)/./node_modules/next/dist/shared/lib/get-img-props.js:100:24)
    at getImgProps (webpack-internal:///(app-pages-browser)/./node_modules/next/dist/shared/lib/get-img-props.js:400:27)
    at eval (webpack-internal:///(app-pages-browser)/./node_modules/next/dist/client/image-component.js:280:82)
    at renderWithHooks (webpack-internal:///(app-pages-browser)/./node_modules/next/dist/compiled/react-dom/cjs/react-dom.development.js:11121:18)
    at updateForwardRef (webpack-internal:///(app-pages-browser)/./node_modules/next/dist/compiled/react-dom/cjs/react-dom.development.js:15854:20)
    at beginWork$1 (webpack-internal:///(app-pages-browser)/./node_modules/next/dist/compiled/react-dom/cjs/react-dom.development.js:18521:16)
    at beginWork (webpack-internal:///(app-pages-browser)/./node_modules/next/dist/compiled/react-dom/cjs/react-dom.development.js:26927:14)
    at performUnitOfWork (webpack-internal:///(app-pages-browser)/./node_modules/next/dist/compiled/react-dom/cjs/react-dom.development.js:25748:12)
    at workLoopSync (webpack-internal:///(app-pages-browser)/./node_modules/next/dist/compiled/react-dom/cjs/react-dom.development.js:25464:5)
    at renderRootSync (webpack-internal:///(app-pages-browser)/./node_modules/next/dist/compiled/react-dom/cjs/react-dom.development.js:25419:7)
    at recoverFromConcurrentError (webpack-internal:///(app-pages-browser)/./node_modules/next/dist/compiled/react-dom/cjs/react-dom.development.js:24597:20)
    at performConcurrentWorkOnRoot (webpack-internal:///(app-pages-browser)/./node_modules/next/dist/compiled/react-dom/cjs/react-dom.development.js:24542:26)
    at workLoop (webpack-internal:///(app-pages-browser)/./node_modules/next/dist/compiled/scheduler/cjs/scheduler.development.js:256:34)
    at flushWork (webpack-internal:///(app-pages-browser)/./node_modules/next/dist/compiled/scheduler/cjs/scheduler.development.js:225:14)
    at MessagePort.performWorkUntilDeadline (webpack-internal:///(app-pages-browser)/./node_modules/next/dist/compiled/scheduler/cjs/scheduler.development.js:534:21)
[  450699ms] Error: Invalid src prop (https://cc.sj-cdn.net/certificate/3i2kpf9wzkzfs/certificate-a6jsn478578g-1779298010.jpg?Expires=1781793273&Signature=O5wxUOG63nvF350HsRPbtQPbtACHAS~RCP-yBx4DdJWARGy2Fw~N8WJjb9zPwjlf3rK9tUeOi3QANbtYwsb5mf5cclwCrv9v6brKqUVrWnvMYFSXtqucKjYmKHsTu8~NTj~hGUijg-T41U3Lyng7KHN60dtbYG6EKAt8A4yrUM5VoEWEBjBpxWfhwBsO1hClik4O8nrBPVWZcItLkfAETO~vG3l6AERxaOW~c-xS8I1dmcoP4MTwyBlKtBsrx-SJWgJOPyDU7hx16Zr2NmABP2ckmqtgfeudBpn394XN7CHZAqUJL5WSovNxfmKv75WCSY2I42ericCgAERDprAZuw__&Key-Pair-Id=APKAI3B7HFD2VYJQK4MQ) on `next/image`, hostname "cc.sj-cdn.net" is not configured under images in your `next.config.js`
See more info: https://nextjs.org/docs/messages/next-image-unconfigured-host
    at defaultLoader (webpack-internal:///(app-pages-browser)/./node_modules/next/dist/shared/lib/image-loader.js:51:27)
    at eval (webpack-internal:///(app-pages-browser)/./node_modules/next/dist/shared/lib/get-img-props.js:100:36)
    at Array.map (<anonymous>)
    at generateImgAttrs (webpack-internal:///(app-pages-browser)/./node_modules/next/dist/shared/lib/get-img-props.js:100:24)
    at getImgProps (webpack-internal:///(app-pages-browser)/./node_modules/next/dist/shared/lib/get-img-props.js:400:27)
    at eval (webpack-internal:///(app-pages-browser)/./node_modules/next/dist/client/image-component.js:280:82)
    at renderWithHooks (webpack-internal:///(app-pages-browser)/./node_modules/next/dist/compiled/react-dom/cjs/react-dom.development.js:11121:18)
    at updateForwardRef (webpack-internal:///(app-pages-browser)/./node_modules/next/dist/compiled/react-dom/cjs/react-dom.development.js:15854:20)
    at beginWork$1 (webpack-internal:///(app-pages-browser)/./node_modules/next/dist/compiled/react-dom/cjs/react-dom.development.js:18521:16)
    at beginWork (webpack-internal:///(app-pages-browser)/./node_modules/next/dist/compiled/react-dom/cjs/react-dom.development.js:26927:14)
    at performUnitOfWork (webpack-internal:///(app-pages-browser)/./node_modules/next/dist/compiled/react-dom/cjs/react-dom.development.js:25748:12)
    at workLoopSync (webpack-internal:///(app-pages-browser)/./node_modules/next/dist/compiled/react-dom/cjs/react-dom.development.js:25464:5)
    at renderRootSync (webpack-internal:///(app-pages-browser)/./node_modules/next/dist/compiled/react-dom/cjs/react-dom.development.js:25419:7)
    at recoverFromConcurrentError (webpack-internal:///(app-pages-browser)/./node_modules/next/dist/compiled/react-dom/cjs/react-dom.development.js:24597:20)
    at performConcurrentWorkOnRoot (webpack-internal:///(app-pages-browser)/./node_modules/next/dist/compiled/react-dom/cjs/react-dom.development.js:24542:26)
    at workLoop (webpack-internal:///(app-pages-browser)/./node_modules/next/dist/compiled/scheduler/cjs/scheduler.development.js:256:34)
    at flushWork (webpack-internal:///(app-pages-browser)/./node_modules/next/dist/compiled/scheduler/cjs/scheduler.development.js:225:14)
    at MessagePort.performWorkUntilDeadline (webpack-internal:///(app-pages-browser)/./node_modules/next/dist/compiled/scheduler/cjs/scheduler.development.js:534:21)
[  450699ms] Error: Invalid src prop (https://cc.sj-cdn.net/certificate/3i2kpf9wzkzfs/certificate-a6jsn478578g-1779298010.jpg?Expires=1781793273&Signature=O5wxUOG63nvF350HsRPbtQPbtACHAS~RCP-yBx4DdJWARGy2Fw~N8WJjb9zPwjlf3rK9tUeOi3QANbtYwsb5mf5cclwCrv9v6brKqUVrWnvMYFSXtqucKjYmKHsTu8~NTj~hGUijg-T41U3Lyng7KHN60dtbYG6EKAt8A4yrUM5VoEWEBjBpxWfhwBsO1hClik4O8nrBPVWZcItLkfAETO~vG3l6AERxaOW~c-xS8I1dmcoP4MTwyBlKtBsrx-SJWgJOPyDU7hx16Zr2NmABP2ckmqtgfeudBpn394XN7CHZAqUJL5WSovNxfmKv75WCSY2I42ericCgAERDprAZuw__&Key-Pair-Id=APKAI3B7HFD2VYJQK4MQ) on `next/image`, hostname "cc.sj-cdn.net" is not configured under images in your `next.config.js`
See more info: https://nextjs.org/docs/messages/next-image-unconfigured-host
    at defaultLoader (webpack-internal:///(app-pages-browser)/./node_modules/next/dist/shared/lib/image-loader.js:51:27)
    at eval (webpack-internal:///(app-pages-browser)/./node_modules/next/dist/shared/lib/get-img-props.js:100:36)
    at Array.map (<anonymous>)
    at generateImgAttrs (webpack-internal:///(app-pages-browser)/./node_modules/next/dist/shared/lib/get-img-props.js:100:24)
    at getImgProps (webpack-internal:///(app-pages-browser)/./node_modules/next/dist/shared/lib/get-img-props.js:400:27)
    at eval (webpack-internal:///(app-pages-browser)/./node_modules/next/dist/client/image-component.js:280:82)
    at renderWithHooks (webpack-internal:///(app-pages-browser)/./node_modules/next/dist/compiled/react-dom/cjs/react-dom.development.js:11121:18)
    at updateForwardRef (webpack-internal:///(app-pages-browser)/./node_modules/next/dist/compiled/react-dom/cjs/react-dom.development.js:15854:20)
    at beginWork$1 (webpack-internal:///(app-pages-browser)/./node_modules/next/dist/compiled/react-dom/cjs/react-dom.development.js:18521:16)
    at beginWork (webpack-internal:///(app-pages-browser)/./node_modules/next/dist/compiled/react-dom/cjs/react-dom.development.js:26927:14)
    at performUnitOfWork (webpack-internal:///(app-pages-browser)/./node_modules/next/dist/compiled/react-dom/cjs/react-dom.development.js:25748:12)
    at workLoopSync (webpack-internal:///(app-pages-browser)/./node_modules/next/dist/compiled/react-dom/cjs/react-dom.development.js:25464:5)
    at renderRootSync (webpack-internal:///(app-pages-browser)/./node_modules/next/dist/compiled/react-dom/cjs/react-dom.development.js:25419:7)
    at recoverFromConcurrentError (webpack-internal:///(app-pages-browser)/./node_modules/next/dist/compiled/react-dom/cjs/react-dom.development.js:24597:20)
    at performConcurrentWorkOnRoot (webpack-internal:///(app-pages-browser)/./node_modules/next/dist/compiled/react-dom/cjs/react-dom.development.js:24542:26)
    at workLoop (webpack-internal:///(app-pages-browser)/./node_modules/next/dist/compiled/scheduler/cjs/scheduler.development.js:256:34)
    at flushWork (webpack-internal:///(app-pages-browser)/./node_modules/next/dist/compiled/scheduler/cjs/scheduler.development.js:225:14)
    at MessagePort.performWorkUntilDeadline (webpack-internal:///(app-pages-browser)/./node_modules/next/dist/compiled/scheduler/cjs/scheduler.development.js:534:21)
[  450702ms] Error: Invalid src prop (https://cc.sj-cdn.net/certificate/3i2kpf9wzkzfs/certificate-a6jsn478578g-1779298010.jpg?Expires=1781793273&Signature=O5wxUOG63nvF350HsRPbtQPbtACHAS~RCP-yBx4DdJWARGy2Fw~N8WJjb9zPwjlf3rK9tUeOi3QANbtYwsb5mf5cclwCrv9v6brKqUVrWnvMYFSXtqucKjYmKHsTu8~NTj~hGUijg-T41U3Lyng7KHN60dtbYG6EKAt8A4yrUM5VoEWEBjBpxWfhwBsO1hClik4O8nrBPVWZcItLkfAETO~vG3l6AERxaOW~c-xS8I1dmcoP4MTwyBlKtBsrx-SJWgJOPyDU7hx16Zr2NmABP2ckmqtgfeudBpn394XN7CHZAqUJL5WSovNxfmKv75WCSY2I42ericCgAERDprAZuw__&Key-Pair-Id=APKAI3B7HFD2VYJQK4MQ) on `next/image`, hostname "cc.sj-cdn.net" is not configured under images in your `next.config.js`
See more info: https://nextjs.org/docs/messages/next-image-unconfigured-host
    at defaultLoader (webpack-internal:///(app-pages-browser)/./node_modules/next/dist/shared/lib/image-loader.js:51:27)
    at eval (webpack-internal:///(app-pages-browser)/./node_modules/next/dist/shared/lib/get-img-props.js:100:36)
    at Array.map (<anonymous>)
    at generateImgAttrs (webpack-internal:///(app-pages-browser)/./node_modules/next/dist/shared/lib/get-img-props.js:100:24)
    at getImgProps (webpack-internal:///(app-pages-browser)/./node_modules/next/dist/shared/lib/get-img-props.js:400:27)
    at eval (webpack-internal:///(app-pages-browser)/./node_modules/next/dist/client/image-component.js:280:82)
    at renderWithHooks (webpack-internal:///(app-pages-browser)/./node_modules/next/dist/compiled/react-dom/cjs/react-dom.development.js:11121:18)
    at updateForwardRef (webpack-internal:///(app-pages-browser)/./node_modules/next/dist/compiled/react-dom/cjs/react-dom.development.js:15854:20)
    at beginWork$1 (webpack-internal:///(app-pages-browser)/./node_modules/next/dist/compiled/react-dom/cjs/react-dom.development.js:18521:16)
    at beginWork (webpack-internal:///(app-pages-browser)/./node_modules/next/dist/compiled/react-dom/cjs/react-dom.development.js:26927:14)
    at performUnitOfWork (webpack-internal:///(app-pages-browser)/./node_modules/next/dist/compiled/react-dom/cjs/react-dom.development.js:25748:12)
    at workLoopSync (webpack-internal:///(app-pages-browser)/./node_modules/next/dist/compiled/react-dom/cjs/react-dom.development.js:25464:5)
    at renderRootSync (webpack-internal:///(app-pages-browser)/./node_modules/next/dist/compiled/react-dom/cjs/react-dom.development.js:25419:7)
    at recoverFromConcurrentError (webpack-internal:///(app-pages-browser)/./node_modules/next/dist/compiled/react-dom/cjs/react-dom.development.js:24597:20)
    at performConcurrentWorkOnRoot (webpack-internal:///(app-pages-browser)/./node_modules/next/dist/compiled/react-dom/cjs/react-dom.development.js:24542:26)
    at workLoop (webpack-internal:///(app-pages-browser)/./node_modules/next/dist/compiled/scheduler/cjs/scheduler.development.js:256:34)
    at flushWork (webpack-internal:///(app-pages-browser)/./node_modules/next/dist/compiled/scheduler/cjs/scheduler.development.js:225:14)
    at MessagePort.performWorkUntilDeadline (webpack-internal:///(app-pages-browser)/./node_modules/next/dist/compiled/scheduler/cjs/scheduler.development.js:534:21)
[  450699ms] [ERROR] The above error occurred in the <NotFoundErrorBoundary> component:

    at eval (webpack-internal:///(app-pages-browser)/./node_modules/next/dist/client/image-component.js:243:47)
    at div
    at div
    at div
    at div
    at TweetCard (webpack-internal:///(app-pages-browser)/./src/components/GlobalComponents/TweetCard/index.tsx:21:11)
    at div
    at section
    at CoursesSection (webpack-internal:///(app-pages-browser)/./src/components/CoursesSection/index.tsx:28:68)
    at section
    at main
    at div
    at div
    at HomeContent (webpack-internal:///(app-pages-browser)/./src/components/HomeContent/index.tsx:40:71)
    at BailoutToCSR (webpack-internal:///(app-pages-browser)/./node_modules/next/dist/shared/lib/lazy-dynamic/dynamic-bailout-to-csr.js:13:11)
    at Suspense
    at LoadableComponent
    at Home
    at ClientPageRoot (webpack-internal:///(app-pages-browser)/./node_modules/next/dist/client/components/client-page.js:14:11)
    at InnerLayoutRouter (webpack-internal:///(app-pages-browser)/./node_modules/next/dist/client/components/layout-router.js:243:11)
    at RedirectErrorBoundary (webpack-internal:///(app-pages-browser)/./node_modules/next/dist/client/components/redirect-boundary.js:74:9)
    at RedirectBoundary (webpack-internal:///(app-pages-browser)/./node_modules/next/dist/client/components/redirect-boundary.js:82:11)
    at NotFoundErrorBoundary (webpack-internal:///(app-pages-browser)/./node_modules/next/dist/client/components/not-found-boundary.js:76:9)
    at NotFoundBoundary (webpack-internal:///(app-pages-browser)/./node_modules/next/dist/client/components/not-found-boundary.js:84:11)
    at LoadingBoundary (webpack-internal:///(app-pages-browser)/./node_modules/next/dist/client/components/layout-router.js:349:11)
    at ErrorBoundary (webpack-internal:///(app-pages-browser)/./node_modules/next/dist/client/components/error-boundary.js:160:11)
    at InnerScrollAndFocusHandler (webpack-internal:///(app-pages-browser)/./node_modules/next/dist/client/components/layout-router.js:153:9)
    at ScrollAndFocusHandler (webpack-internal:///(app-pages-browser)/./node_modules/next/dist/client/components/layout-router.js:228:11)
    at RenderFromTemplateContext (webpack-internal:///(app-pages-browser)/./node_modules/next/dist/client/components/render-from-template-context.js:16:44)
    at OuterLayoutRouter (webpack-internal:///(app-pages-browser)/./node_modules/next/dist/client/components/layout-router.js:370:11)
    at GlobalContextProvider (webpack-internal:///(app-pages-browser)/./src/context/GlobalContext/index.tsx:14:11)
    at body
    at html
    at RootLayout (Server)
    at RedirectErrorBoundary (webpack-internal:///(app-pages-browser)/./node_modules/next/dist/client/components/redirect-boundary.js:74:9)
    at RedirectBoundary (webpack-internal:///(app-pages-browser)/./node_modules/next/dist/client/components/redirect-boundary.js:82:11)
    at NotFoundErrorBoundary (webpack-internal:///(app-pages-browser)/./node_modules/next/dist/client/components/not-found-boundary.js:76:9)
    at NotFoundBoundary (webpack-internal:///(app-pages-browser)/./node_modules/next/dist/client/components/not-found-boundary.js:84:11)
    at DevRootNotFoundBoundary (webpack-internal:///(app-pages-browser)/./node_modules/next/dist/client/components/dev-root-not-found-boundary.js:33:11)
    at ReactDevOverlay (webpack-internal:///(app-pages-browser)/./node_modules/next/dist/client/components/react-dev-overlay/app/ReactDevOverlay.js:87:9)
    at HotReload (webpack-internal:///(app-pages-browser)/./node_modules/next/dist/client/components/react-dev-overlay/app/hot-reloader-client.js:321:11)
    at Router (webpack-internal:///(app-pages-browser)/./node_modules/next/dist/client/components/app-router.js:207:11)
    at ErrorBoundaryHandler (webpack-internal:///(app-pages-browser)/./node_modules/next/dist/client/components/error-boundary.js:113:9)
    at ErrorBoundary (webpack-internal:///(app-pages-browser)/./node_modules/next/dist/client/components/error-boundary.js:160:11)
    at AppRouter (webpack-internal:///(app-pages-browser)/./node_modules/next/dist/client/components/app-router.js:585:13)
    at ServerRoot (webpack-internal:///(app-pages-browser)/./node_modules/next/dist/client/app-index.js:112:27)
    at Root (webpack-internal:///(app-pages-browser)/./node_modules/next/dist/client/app-index.js:117:11)

React will try to recreate this component tree from scratch using the error boundary you provided, ReactDevOverlay. @ webpack-internal:///(app-pages-browser)/./node_modules/next/dist/client/app-index.js:32
[  493809ms] [LOG] [Fast Refresh] rebuilding @ webpack-internal:///(app-pages-browser)/./node_modules/next/dist/client/components/react-dev-overlay/app/hot-reloader-client.js:186
[  495767ms] [WARNING] [Fast Refresh] performing full reload because your application had an unrecoverable error @ webpack-internal:///(app-pages-browser)/./node_modules/next/dist/client/components/react-dev-overlay/app/hot-reloader-client.js:114
[  497120ms] [INFO] %cDownload the React DevTools for a better development experience: https://reactjs.org/link/react-devtools font-weight:bold @ webpack-internal:///(app-pages-browser)/./node_modules/next/dist/compiled/react-dom/cjs/react-dom.development.js:38559
[  497424ms] [LOG] %c
 ██████╗  █████╗ ██████╗ ██████╗ ██╗███████╗██╗        
██╔════╝ ██╔══██╗██╔══██╗██╔══██╗██║██╔════╝██║         
██║  ███╗███████║██████╔╝██████╔╝██║█████╗  ██║         
██║   ██║██╔══██║██╔══██╗██╔══██╗██║██╔══╝  ██║         
╚██████╔╝██║  ██║██████╔╝██║  ██║██║███████╗███████╗    
 ╚═════╝ ╚═╝  ╚═╝╚═════╝ ╚═╝  ╚═╝╚═╝╚══════╝╚══════╝    
%c
███████╗██████╗ ███████╗██╗████████╗ █████╗ ███████╗
██╔════╝██╔══██╗██╔════╝██║╚══██╔══╝██╔══██╗██╔════╝
█████╗  ██████╔╝█████╗  ██║   ██║   ███████║███████╗
██╔══╝  ██╔══██╗██╔══╝  ██║   ██║   ██╔══██║╚════██║
██║     ██║  ██║███████╗██║   ██║   ██║  ██║███████║
╚═╝     ╚═╝  ╚═╝╚══════╝╚═╝   ╚═╝   ╚═╝  ╚═╝╚══════╝
        %c%c color: #7e22ce; font: 400 1em monospace;  background-color: #d2ff00; color: black; font: 400 1em monospace; padding: 0.5em 0; font-weight: bold;  @ webpack-internal:///(app-pages-browser)/./src/context/GlobalContext/index.tsx:16
[  497517ms] [LOG] %c
 ██████╗  █████╗ ██████╗ ██████╗ ██╗███████╗██╗        
██╔════╝ ██╔══██╗██╔══██╗██╔══██╗██║██╔════╝██║         
██║  ███╗███████║██████╔╝██████╔╝██║█████╗  ██║         
██║   ██║██╔══██║██╔══██╗██╔══██╗██║██╔══╝  ██║         
╚██████╔╝██║  ██║██████╔╝██║  ██║██║███████╗███████╗    
 ╚═════╝ ╚═╝  ╚═╝╚═════╝ ╚═╝  ╚═╝╚═╝╚══════╝╚══════╝    
%c
███████╗██████╗ ███████╗██╗████████╗ █████╗ ███████╗
██╔════╝██╔══██╗██╔════╝██║╚══██╔══╝██╔══██╗██╔════╝
█████╗  ██████╔╝█████╗  ██║   ██║   ███████║███████╗
██╔══╝  ██╔══██╗██╔══╝  ██║   ██║   ██╔══██║╚════██║
██║     ██║  ██║███████╗██║   ██║   ██║  ██║███████║
╚═╝     ╚═╝  ╚═╝╚══════╝╚═╝   ╚═╝   ╚═╝  ╚═╝╚══════╝
        %c%c color: #7e22ce; font: 400 1em monospace;  background-color: #d2ff00; color: black; font: 400 1em monospace; padding: 0.5em 0; font-weight: bold;  @ webpack-internal:///(app-pages-browser)/./src/context/GlobalContext/index.tsx:16
[  500471ms] [ERROR] Warning: Cannot update a component (`%s`) while rendering a different component (`%s`). To locate the bad setState() call inside `%s`, follow the stack trace as described in https://reactjs.org/link/setstate-in-render%s HotReload ForwardRef ForwardRef 
    at eval (webpack-internal:///(app-pages-browser)/./node_modules/next/dist/client/image-component.js:243:47)
    at div
    at div
    at div
    at div
    at TweetCard (webpack-internal:///(app-pages-browser)/./src/components/GlobalComponents/TweetCard/index.tsx:21:11)
    at div
    at section
    at CoursesSection (webpack-internal:///(app-pages-browser)/./src/components/CoursesSection/index.tsx:28:68)
    at section
    at main
    at div
    at div
    at HomeContent (webpack-internal:///(app-pages-browser)/./src/components/HomeContent/index.tsx:40:71)
    at BailoutToCSR (webpack-internal:///(app-pages-browser)/./node_modules/next/dist/shared/lib/lazy-dynamic/dynamic-bailout-to-csr.js:13:11)
    at Suspense
    at LoadableComponent
    at Home
    at ClientPageRoot (webpack-internal:///(app-pages-browser)/./node_modules/next/dist/client/components/client-page.js:14:11)
    at InnerLayoutRouter (webpack-internal:///(app-pages-browser)/./node_modules/next/dist/client/components/layout-router.js:243:11)
    at RedirectErrorBoundary (webpack-internal:///(app-pages-browser)/./node_modules/next/dist/client/components/redirect-boundary.js:74:9)
    at RedirectBoundary (webpack-internal:///(app-pages-browser)/./node_modules/next/dist/client/components/redirect-boundary.js:82:11)
    at NotFoundErrorBoundary (webpack-internal:///(app-pages-browser)/./node_modules/next/dist/client/components/not-found-boundary.js:76:9)
    at NotFoundBoundary (webpack-internal:///(app-pages-browser)/./node_modules/next/dist/client/components/not-found-boundary.js:84:11)
    at LoadingBoundary (webpack-internal:///(app-pages-browser)/./node_modules/next/dist/client/components/layout-router.js:349:11)
    at ErrorBoundary (webpack-internal:///(app-pages-browser)/./node_modules/next/dist/client/components/error-boundary.js:160:11)
    at InnerScrollAndFocusHandler (webpack-internal:///(app-pages-browser)/./node_modules/next/dist/client/components/layout-router.js:153:9)
    at ScrollAndFocusHandler (webpack-internal:///(app-pages-browser)/./node_modules/next/dist/client/components/layout-router.js:228:11)
    at RenderFromTemplateContext (webpack-internal:///(app-pages-browser)/./node_modules/next/dist/client/components/render-from-template-context.js:16:44)
    at OuterLayoutRouter (webpack-internal:///(app-pages-browser)/./node_modules/next/dist/client/components/layout-router.js:370:11)
    at GlobalContextProvider (webpack-internal:///(app-pages-browser)/./src/context/GlobalContext/index.tsx:14:11)
    at body
    at html
    at RootLayout (Server)
    at RedirectErrorBoundary (webpack-internal:///(app-pages-browser)/./node_modules/next/dist/client/components/redirect-boundary.js:74:9)
    at RedirectBoundary (webpack-internal:///(app-pages-browser)/./node_modules/next/dist/client/components/redirect-boundary.js:82:11)
    at NotFoundErrorBoundary (webpack-internal:///(app-pages-browser)/./node_modules/next/dist/client/components/not-found-boundary.js:76:9)
    at NotFoundBoundary (webpack-internal:///(app-pages-browser)/./node_modules/next/dist/client/components/not-found-boundary.js:84:11)
    at DevRootNotFoundBoundary (webpack-internal:///(app-pages-browser)/./node_modules/next/dist/client/components/dev-root-not-found-boundary.js:33:11)
    at ReactDevOverlay (webpack-internal:///(app-pages-browser)/./node_modules/next/dist/client/components/react-dev-overlay/app/ReactDevOverlay.js:87:9)
    at HotReload (webpack-internal:///(app-pages-browser)/./node_modules/next/dist/client/components/react-dev-overlay/app/hot-reloader-client.js:321:11)
    at Router (webpack-internal:///(app-pages-browser)/./node_modules/next/dist/client/components/app-router.js:207:11)
    at ErrorBoundaryHandler (webpack-internal:///(app-pages-browser)/./node_modules/next/dist/client/components/error-boundary.js:113:9)
    at ErrorBoundary (webpack-internal:///(app-pages-browser)/./node_modules/next/dist/client/components/error-boundary.js:160:11)
    at AppRouter (webpack-internal:///(app-pages-browser)/./node_modules/next/dist/client/components/app-router.js:585:13)
    at ServerRoot (webpack-internal:///(app-pages-browser)/./node_modules/next/dist/client/app-index.js:112:27)
    at Root (webpack-internal:///(app-pages-browser)/./node_modules/next/dist/client/app-index.js:117:11) @ webpack-internal:///(app-pages-browser)/./node_modules/next/dist/client/app-index.js:32
[  500485ms] Error: Invalid src prop (https://cc.sj-cdn.net/certificate/3i2kpf9wzkzfs/certificate-a6jsn478578g-1779298010.jpg?Expires=1781793273&Signature=O5wxUOG63nvF350HsRPbtQPbtACHAS~RCP-yBx4DdJWARGy2Fw~N8WJjb9zPwjlf3rK9tUeOi3QANbtYwsb5mf5cclwCrv9v6brKqUVrWnvMYFSXtqucKjYmKHsTu8~NTj~hGUijg-T41U3Lyng7KHN60dtbYG6EKAt8A4yrUM5VoEWEBjBpxWfhwBsO1hClik4O8nrBPVWZcItLkfAETO~vG3l6AERxaOW~c-xS8I1dmcoP4MTwyBlKtBsrx-SJWgJOPyDU7hx16Zr2NmABP2ckmqtgfeudBpn394XN7CHZAqUJL5WSovNxfmKv75WCSY2I42ericCgAERDprAZuw__&Key-Pair-Id=APKAI3B7HFD2VYJQK4MQ) on `next/image`, hostname "cc.sj-cdn.net" is not configured under images in your `next.config.js`
See more info: https://nextjs.org/docs/messages/next-image-unconfigured-host
    at defaultLoader (webpack-internal:///(app-pages-browser)/./node_modules/next/dist/shared/lib/image-loader.js:51:27)
    at eval (webpack-internal:///(app-pages-browser)/./node_modules/next/dist/shared/lib/get-img-props.js:100:36)
    at Array.map (<anonymous>)
    at generateImgAttrs (webpack-internal:///(app-pages-browser)/./node_modules/next/dist/shared/lib/get-img-props.js:100:24)
    at getImgProps (webpack-internal:///(app-pages-browser)/./node_modules/next/dist/shared/lib/get-img-props.js:400:27)
    at eval (webpack-internal:///(app-pages-browser)/./node_modules/next/dist/client/image-component.js:280:82)
    at renderWithHooks (webpack-internal:///(app-pages-browser)/./node_modules/next/dist/compiled/react-dom/cjs/react-dom.development.js:11121:18)
    at updateForwardRef (webpack-internal:///(app-pages-browser)/./node_modules/next/dist/compiled/react-dom/cjs/react-dom.development.js:15854:20)
    at beginWork$1 (webpack-internal:///(app-pages-browser)/./node_modules/next/dist/compiled/react-dom/cjs/react-dom.development.js:18521:16)
    at HTMLUnknownElement.callCallback (webpack-internal:///(app-pages-browser)/./node_modules/next/dist/compiled/react-dom/cjs/react-dom.development.js:20565:14)
    at Object.invokeGuardedCallbackImpl (webpack-internal:///(app-pages-browser)/./node_modules/next/dist/compiled/react-dom/cjs/react-dom.development.js:20614:16)
    at invokeGuardedCallback (webpack-internal:///(app-pages-browser)/./node_modules/next/dist/compiled/react-dom/cjs/react-dom.development.js:20689:29)
    at beginWork (webpack-internal:///(app-pages-browser)/./node_modules/next/dist/compiled/react-dom/cjs/react-dom.development.js:26949:7)
    at performUnitOfWork (webpack-internal:///(app-pages-browser)/./node_modules/next/dist/compiled/react-dom/cjs/react-dom.development.js:25748:12)
    at workLoopConcurrent (webpack-internal:///(app-pages-browser)/./node_modules/next/dist/compiled/react-dom/cjs/react-dom.development.js:25734:5)
    at renderRootConcurrent (webpack-internal:///(app-pages-browser)/./node_modules/next/dist/compiled/react-dom/cjs/react-dom.development.js:25690:9)
    at performConcurrentWorkOnRoot (webpack-internal:///(app-pages-browser)/./node_modules/next/dist/compiled/react-dom/cjs/react-dom.development.js:24504:38)
    at workLoop (webpack-internal:///(app-pages-browser)/./node_modules/next/dist/compiled/scheduler/cjs/scheduler.development.js:256:34)
    at flushWork (webpack-internal:///(app-pages-browser)/./node_modules/next/dist/compiled/scheduler/cjs/scheduler.development.js:225:14)
    at MessagePort.performWorkUntilDeadline (webpack-internal:///(app-pages-browser)/./node_modules/next/dist/compiled/scheduler/cjs/scheduler.development.js:534:21)
[  500488ms] Error: Invalid src prop (https://cc.sj-cdn.net/certificate/3i2kpf9wzkzfs/certificate-a6jsn478578g-1779298010.jpg?Expires=1781793273&Signature=O5wxUOG63nvF350HsRPbtQPbtACHAS~RCP-yBx4DdJWARGy2Fw~N8WJjb9zPwjlf3rK9tUeOi3QANbtYwsb5mf5cclwCrv9v6brKqUVrWnvMYFSXtqucKjYmKHsTu8~NTj~hGUijg-T41U3Lyng7KHN60dtbYG6EKAt8A4yrUM5VoEWEBjBpxWfhwBsO1hClik4O8nrBPVWZcItLkfAETO~vG3l6AERxaOW~c-xS8I1dmcoP4MTwyBlKtBsrx-SJWgJOPyDU7hx16Zr2NmABP2ckmqtgfeudBpn394XN7CHZAqUJL5WSovNxfmKv75WCSY2I42ericCgAERDprAZuw__&Key-Pair-Id=APKAI3B7HFD2VYJQK4MQ) on `next/image`, hostname "cc.sj-cdn.net" is not configured under images in your `next.config.js`
See more info: https://nextjs.org/docs/messages/next-image-unconfigured-host
    at defaultLoader (webpack-internal:///(app-pages-browser)/./node_modules/next/dist/shared/lib/image-loader.js:51:27)
    at eval (webpack-internal:///(app-pages-browser)/./node_modules/next/dist/shared/lib/get-img-props.js:100:36)
    at Array.map (<anonymous>)
    at generateImgAttrs (webpack-internal:///(app-pages-browser)/./node_modules/next/dist/shared/lib/get-img-props.js:100:24)
    at getImgProps (webpack-internal:///(app-pages-browser)/./node_modules/next/dist/shared/lib/get-img-props.js:400:27)
    at eval (webpack-internal:///(app-pages-browser)/./node_modules/next/dist/client/image-component.js:280:82)
    at renderWithHooks (webpack-internal:///(app-pages-browser)/./node_modules/next/dist/compiled/react-dom/cjs/react-dom.development.js:11121:18)
    at updateForwardRef (webpack-internal:///(app-pages-browser)/./node_modules/next/dist/compiled/react-dom/cjs/react-dom.development.js:15854:20)
    at beginWork$1 (webpack-internal:///(app-pages-browser)/./node_modules/next/dist/compiled/react-dom/cjs/react-dom.development.js:18521:16)
    at beginWork (webpack-internal:///(app-pages-browser)/./node_modules/next/dist/compiled/react-dom/cjs/react-dom.development.js:26927:14)
    at performUnitOfWork (webpack-internal:///(app-pages-browser)/./node_modules/next/dist/compiled/react-dom/cjs/react-dom.development.js:25748:12)
    at workLoopConcurrent (webpack-internal:///(app-pages-browser)/./node_modules/next/dist/compiled/react-dom/cjs/react-dom.development.js:25734:5)
    at renderRootConcurrent (webpack-internal:///(app-pages-browser)/./node_modules/next/dist/compiled/react-dom/cjs/react-dom.development.js:25690:9)
    at performConcurrentWorkOnRoot (webpack-internal:///(app-pages-browser)/./node_modules/next/dist/compiled/react-dom/cjs/react-dom.development.js:24504:38)
    at workLoop (webpack-internal:///(app-pages-browser)/./node_modules/next/dist/compiled/scheduler/cjs/scheduler.development.js:256:34)
    at flushWork (webpack-internal:///(app-pages-browser)/./node_modules/next/dist/compiled/scheduler/cjs/scheduler.development.js:225:14)
    at MessagePort.performWorkUntilDeadline (webpack-internal:///(app-pages-browser)/./node_modules/next/dist/compiled/scheduler/cjs/scheduler.development.js:534:21)
[  500489ms] Error: Invalid src prop (https://cc.sj-cdn.net/certificate/3i2kpf9wzkzfs/certificate-a6jsn478578g-1779298010.jpg?Expires=1781793273&Signature=O5wxUOG63nvF350HsRPbtQPbtACHAS~RCP-yBx4DdJWARGy2Fw~N8WJjb9zPwjlf3rK9tUeOi3QANbtYwsb5mf5cclwCrv9v6brKqUVrWnvMYFSXtqucKjYmKHsTu8~NTj~hGUijg-T41U3Lyng7KHN60dtbYG6EKAt8A4yrUM5VoEWEBjBpxWfhwBsO1hClik4O8nrBPVWZcItLkfAETO~vG3l6AERxaOW~c-xS8I1dmcoP4MTwyBlKtBsrx-SJWgJOPyDU7hx16Zr2NmABP2ckmqtgfeudBpn394XN7CHZAqUJL5WSovNxfmKv75WCSY2I42ericCgAERDprAZuw__&Key-Pair-Id=APKAI3B7HFD2VYJQK4MQ) on `next/image`, hostname "cc.sj-cdn.net" is not configured under images in your `next.config.js`
See more info: https://nextjs.org/docs/messages/next-image-unconfigured-host
    at defaultLoader (webpack-internal:///(app-pages-browser)/./node_modules/next/dist/shared/lib/image-loader.js:51:27)
    at eval (webpack-internal:///(app-pages-browser)/./node_modules/next/dist/shared/lib/get-img-props.js:100:36)
    at Array.map (<anonymous>)
    at generateImgAttrs (webpack-internal:///(app-pages-browser)/./node_modules/next/dist/shared/lib/get-img-props.js:100:24)
    at getImgProps (webpack-internal:///(app-pages-browser)/./node_modules/next/dist/shared/lib/get-img-props.js:400:27)
    at eval (webpack-internal:///(app-pages-browser)/./node_modules/next/dist/client/image-component.js:280:82)
    at renderWithHooks (webpack-internal:///(app-pages-browser)/./node_modules/next/dist/compiled/react-dom/cjs/react-dom.development.js:11121:18)
    at updateForwardRef (webpack-internal:///(app-pages-browser)/./node_modules/next/dist/compiled/react-dom/cjs/react-dom.development.js:15854:20)
    at beginWork$1 (webpack-internal:///(app-pages-browser)/./node_modules/next/dist/compiled/react-dom/cjs/react-dom.development.js:18521:16)
    at beginWork (webpack-internal:///(app-pages-browser)/./node_modules/next/dist/compiled/react-dom/cjs/react-dom.development.js:26927:14)
    at performUnitOfWork (webpack-internal:///(app-pages-browser)/./node_modules/next/dist/compiled/react-dom/cjs/react-dom.development.js:25748:12)
    at workLoopConcurrent (webpack-internal:///(app-pages-browser)/./node_modules/next/dist/compiled/react-dom/cjs/react-dom.development.js:25734:5)
    at renderRootConcurrent (webpack-internal:///(app-pages-browser)/./node_modules/next/dist/compiled/react-dom/cjs/react-dom.development.js:25690:9)
    at performConcurrentWorkOnRoot (webpack-internal:///(app-pages-browser)/./node_modules/next/dist/compiled/react-dom/cjs/react-dom.development.js:24504:38)
    at workLoop (webpack-internal:///(app-pages-browser)/./node_modules/next/dist/compiled/scheduler/cjs/scheduler.development.js:256:34)
    at flushWork (webpack-internal:///(app-pages-browser)/./node_modules/next/dist/compiled/scheduler/cjs/scheduler.development.js:225:14)
    at MessagePort.performWorkUntilDeadline (webpack-internal:///(app-pages-browser)/./node_modules/next/dist/compiled/scheduler/cjs/scheduler.development.js:534:21)
[  500490ms] Error: Invalid src prop (https://cc.sj-cdn.net/certificate/3i2kpf9wzkzfs/certificate-a6jsn478578g-1779298010.jpg?Expires=1781793273&Signature=O5wxUOG63nvF350HsRPbtQPbtACHAS~RCP-yBx4DdJWARGy2Fw~N8WJjb9zPwjlf3rK9tUeOi3QANbtYwsb5mf5cclwCrv9v6brKqUVrWnvMYFSXtqucKjYmKHsTu8~NTj~hGUijg-T41U3Lyng7KHN60dtbYG6EKAt8A4yrUM5VoEWEBjBpxWfhwBsO1hClik4O8nrBPVWZcItLkfAETO~vG3l6AERxaOW~c-xS8I1dmcoP4MTwyBlKtBsrx-SJWgJOPyDU7hx16Zr2NmABP2ckmqtgfeudBpn394XN7CHZAqUJL5WSovNxfmKv75WCSY2I42ericCgAERDprAZuw__&Key-Pair-Id=APKAI3B7HFD2VYJQK4MQ) on `next/image`, hostname "cc.sj-cdn.net" is not configured under images in your `next.config.js`
See more info: https://nextjs.org/docs/messages/next-image-unconfigured-host
    at defaultLoader (webpack-internal:///(app-pages-browser)/./node_modules/next/dist/shared/lib/image-loader.js:51:27)
    at eval (webpack-internal:///(app-pages-browser)/./node_modules/next/dist/shared/lib/get-img-props.js:100:36)
    at Array.map (<anonymous>)
    at generateImgAttrs (webpack-internal:///(app-pages-browser)/./node_modules/next/dist/shared/lib/get-img-props.js:100:24)
    at getImgProps (webpack-internal:///(app-pages-browser)/./node_modules/next/dist/shared/lib/get-img-props.js:400:27)
    at eval (webpack-internal:///(app-pages-browser)/./node_modules/next/dist/client/image-component.js:280:82)
    at renderWithHooks (webpack-internal:///(app-pages-browser)/./node_modules/next/dist/compiled/react-dom/cjs/react-dom.development.js:11121:18)
    at updateForwardRef (webpack-internal:///(app-pages-browser)/./node_modules/next/dist/compiled/react-dom/cjs/react-dom.development.js:15854:20)
    at beginWork$1 (webpack-internal:///(app-pages-browser)/./node_modules/next/dist/compiled/react-dom/cjs/react-dom.development.js:18521:16)
    at beginWork (webpack-internal:///(app-pages-browser)/./node_modules/next/dist/compiled/react-dom/cjs/react-dom.development.js:26927:14)
    at performUnitOfWork (webpack-internal:///(app-pages-browser)/./node_modules/next/dist/compiled/react-dom/cjs/react-dom.development.js:25748:12)
    at workLoopConcurrent (webpack-internal:///(app-pages-browser)/./node_modules/next/dist/compiled/react-dom/cjs/react-dom.development.js:25734:5)
    at renderRootConcurrent (webpack-internal:///(app-pages-browser)/./node_modules/next/dist/compiled/react-dom/cjs/react-dom.development.js:25690:9)
    at performConcurrentWorkOnRoot (webpack-internal:///(app-pages-browser)/./node_modules/next/dist/compiled/react-dom/cjs/react-dom.development.js:24504:38)
    at workLoop (webpack-internal:///(app-pages-browser)/./node_modules/next/dist/compiled/scheduler/cjs/scheduler.development.js:256:34)
    at flushWork (webpack-internal:///(app-pages-browser)/./node_modules/next/dist/compiled/scheduler/cjs/scheduler.development.js:225:14)
    at MessagePort.performWorkUntilDeadline (webpack-internal:///(app-pages-browser)/./node_modules/next/dist/compiled/scheduler/cjs/scheduler.development.js:534:21)
[  500490ms] Error: Invalid src prop (https://cc.sj-cdn.net/certificate/3i2kpf9wzkzfs/certificate-a6jsn478578g-1779298010.jpg?Expires=1781793273&Signature=O5wxUOG63nvF350HsRPbtQPbtACHAS~RCP-yBx4DdJWARGy2Fw~N8WJjb9zPwjlf3rK9tUeOi3QANbtYwsb5mf5cclwCrv9v6brKqUVrWnvMYFSXtqucKjYmKHsTu8~NTj~hGUijg-T41U3Lyng7KHN60dtbYG6EKAt8A4yrUM5VoEWEBjBpxWfhwBsO1hClik4O8nrBPVWZcItLkfAETO~vG3l6AERxaOW~c-xS8I1dmcoP4MTwyBlKtBsrx-SJWgJOPyDU7hx16Zr2NmABP2ckmqtgfeudBpn394XN7CHZAqUJL5WSovNxfmKv75WCSY2I42ericCgAERDprAZuw__&Key-Pair-Id=APKAI3B7HFD2VYJQK4MQ) on `next/image`, hostname "cc.sj-cdn.net" is not configured under images in your `next.config.js`
See more info: https://nextjs.org/docs/messages/next-image-unconfigured-host
    at defaultLoader (webpack-internal:///(app-pages-browser)/./node_modules/next/dist/shared/lib/image-loader.js:51:27)
    at eval (webpack-internal:///(app-pages-browser)/./node_modules/next/dist/shared/lib/get-img-props.js:100:36)
    at Array.map (<anonymous>)
    at generateImgAttrs (webpack-internal:///(app-pages-browser)/./node_modules/next/dist/shared/lib/get-img-props.js:100:24)
    at getImgProps (webpack-internal:///(app-pages-browser)/./node_modules/next/dist/shared/lib/get-img-props.js:400:27)
    at eval (webpack-internal:///(app-pages-browser)/./node_modules/next/dist/client/image-component.js:280:82)
    at renderWithHooks (webpack-internal:///(app-pages-browser)/./node_modules/next/dist/compiled/react-dom/cjs/react-dom.development.js:11121:18)
    at updateForwardRef (webpack-internal:///(app-pages-browser)/./node_modules/next/dist/compiled/react-dom/cjs/react-dom.development.js:15854:20)
    at beginWork$1 (webpack-internal:///(app-pages-browser)/./node_modules/next/dist/compiled/react-dom/cjs/react-dom.development.js:18521:16)
    at beginWork (webpack-internal:///(app-pages-browser)/./node_modules/next/dist/compiled/react-dom/cjs/react-dom.development.js:26927:14)
    at performUnitOfWork (webpack-internal:///(app-pages-browser)/./node_modules/next/dist/compiled/react-dom/cjs/react-dom.development.js:25748:12)
    at workLoopConcurrent (webpack-internal:///(app-pages-browser)/./node_modules/next/dist/compiled/react-dom/cjs/react-dom.development.js:25734:5)
    at renderRootConcurrent (webpack-internal:///(app-pages-browser)/./node_modules/next/dist/compiled/react-dom/cjs/react-dom.development.js:25690:9)
    at performConcurrentWorkOnRoot (webpack-internal:///(app-pages-browser)/./node_modules/next/dist/compiled/react-dom/cjs/react-dom.development.js:24504:38)
    at workLoop (webpack-internal:///(app-pages-browser)/./node_modules/next/dist/compiled/scheduler/cjs/scheduler.development.js:256:34)
    at flushWork (webpack-internal:///(app-pages-browser)/./node_modules/next/dist/compiled/scheduler/cjs/scheduler.development.js:225:14)
    at MessagePort.performWorkUntilDeadline (webpack-internal:///(app-pages-browser)/./node_modules/next/dist/compiled/scheduler/cjs/scheduler.development.js:534:21)
[  500493ms] Error: Invalid src prop (https://cc.sj-cdn.net/certificate/3i2kpf9wzkzfs/certificate-a6jsn478578g-1779298010.jpg?Expires=1781793273&Signature=O5wxUOG63nvF350HsRPbtQPbtACHAS~RCP-yBx4DdJWARGy2Fw~N8WJjb9zPwjlf3rK9tUeOi3QANbtYwsb5mf5cclwCrv9v6brKqUVrWnvMYFSXtqucKjYmKHsTu8~NTj~hGUijg-T41U3Lyng7KHN60dtbYG6EKAt8A4yrUM5VoEWEBjBpxWfhwBsO1hClik4O8nrBPVWZcItLkfAETO~vG3l6AERxaOW~c-xS8I1dmcoP4MTwyBlKtBsrx-SJWgJOPyDU7hx16Zr2NmABP2ckmqtgfeudBpn394XN7CHZAqUJL5WSovNxfmKv75WCSY2I42ericCgAERDprAZuw__&Key-Pair-Id=APKAI3B7HFD2VYJQK4MQ) on `next/image`, hostname "cc.sj-cdn.net" is not configured under images in your `next.config.js`
See more info: https://nextjs.org/docs/messages/next-image-unconfigured-host
    at defaultLoader (webpack-internal:///(app-pages-browser)/./node_modules/next/dist/shared/lib/image-loader.js:51:27)
    at eval (webpack-internal:///(app-pages-browser)/./node_modules/next/dist/shared/lib/get-img-props.js:100:36)
    at Array.map (<anonymous>)
    at generateImgAttrs (webpack-internal:///(app-pages-browser)/./node_modules/next/dist/shared/lib/get-img-props.js:100:24)
    at getImgProps (webpack-internal:///(app-pages-browser)/./node_modules/next/dist/shared/lib/get-img-props.js:400:27)
    at eval (webpack-internal:///(app-pages-browser)/./node_modules/next/dist/client/image-component.js:280:82)
    at renderWithHooks (webpack-internal:///(app-pages-browser)/./node_modules/next/dist/compiled/react-dom/cjs/react-dom.development.js:11121:18)
    at updateForwardRef (webpack-internal:///(app-pages-browser)/./node_modules/next/dist/compiled/react-dom/cjs/react-dom.development.js:15854:20)
    at beginWork$1 (webpack-internal:///(app-pages-browser)/./node_modules/next/dist/compiled/react-dom/cjs/react-dom.development.js:18521:16)
    at HTMLUnknownElement.callCallback (webpack-internal:///(app-pages-browser)/./node_modules/next/dist/compiled/react-dom/cjs/react-dom.development.js:20565:14)
    at Object.invokeGuardedCallbackImpl (webpack-internal:///(app-pages-browser)/./node_modules/next/dist/compiled/react-dom/cjs/react-dom.development.js:20614:16)
    at invokeGuardedCallback (webpack-internal:///(app-pages-browser)/./node_modules/next/dist/compiled/react-dom/cjs/react-dom.development.js:20689:29)
    at beginWork (webpack-internal:///(app-pages-browser)/./node_modules/next/dist/compiled/react-dom/cjs/react-dom.development.js:26949:7)
    at performUnitOfWork (webpack-internal:///(app-pages-browser)/./node_modules/next/dist/compiled/react-dom/cjs/react-dom.development.js:25748:12)
    at workLoopSync (webpack-internal:///(app-pages-browser)/./node_modules/next/dist/compiled/react-dom/cjs/react-dom.development.js:25464:5)
    at renderRootSync (webpack-internal:///(app-pages-browser)/./node_modules/next/dist/compiled/react-dom/cjs/react-dom.development.js:25419:7)
    at recoverFromConcurrentError (webpack-internal:///(app-pages-browser)/./node_modules/next/dist/compiled/react-dom/cjs/react-dom.development.js:24597:20)
    at performConcurrentWorkOnRoot (webpack-internal:///(app-pages-browser)/./node_modules/next/dist/compiled/react-dom/cjs/react-dom.development.js:24542:26)
    at workLoop (webpack-internal:///(app-pages-browser)/./node_modules/next/dist/compiled/scheduler/cjs/scheduler.development.js:256:34)
    at flushWork (webpack-internal:///(app-pages-browser)/./node_modules/next/dist/compiled/scheduler/cjs/scheduler.development.js:225:14)
    at MessagePort.performWorkUntilDeadline (webpack-internal:///(app-pages-browser)/./node_modules/next/dist/compiled/scheduler/cjs/scheduler.development.js:534:21)
[  500496ms] Error: Invalid src prop (https://cc.sj-cdn.net/certificate/3i2kpf9wzkzfs/certificate-a6jsn478578g-1779298010.jpg?Expires=1781793273&Signature=O5wxUOG63nvF350HsRPbtQPbtACHAS~RCP-yBx4DdJWARGy2Fw~N8WJjb9zPwjlf3rK9tUeOi3QANbtYwsb5mf5cclwCrv9v6brKqUVrWnvMYFSXtqucKjYmKHsTu8~NTj~hGUijg-T41U3Lyng7KHN60dtbYG6EKAt8A4yrUM5VoEWEBjBpxWfhwBsO1hClik4O8nrBPVWZcItLkfAETO~vG3l6AERxaOW~c-xS8I1dmcoP4MTwyBlKtBsrx-SJWgJOPyDU7hx16Zr2NmABP2ckmqtgfeudBpn394XN7CHZAqUJL5WSovNxfmKv75WCSY2I42ericCgAERDprAZuw__&Key-Pair-Id=APKAI3B7HFD2VYJQK4MQ) on `next/image`, hostname "cc.sj-cdn.net" is not configured under images in your `next.config.js`
See more info: https://nextjs.org/docs/messages/next-image-unconfigured-host
    at defaultLoader (webpack-internal:///(app-pages-browser)/./node_modules/next/dist/shared/lib/image-loader.js:51:27)
    at eval (webpack-internal:///(app-pages-browser)/./node_modules/next/dist/shared/lib/get-img-props.js:100:36)
    at Array.map (<anonymous>)
    at generateImgAttrs (webpack-internal:///(app-pages-browser)/./node_modules/next/dist/shared/lib/get-img-props.js:100:24)
    at getImgProps (webpack-internal:///(app-pages-browser)/./node_modules/next/dist/shared/lib/get-img-props.js:400:27)
    at eval (webpack-internal:///(app-pages-browser)/./node_modules/next/dist/client/image-component.js:280:82)
    at renderWithHooks (webpack-internal:///(app-pages-browser)/./node_modules/next/dist/compiled/react-dom/cjs/react-dom.development.js:11121:18)
    at updateForwardRef (webpack-internal:///(app-pages-browser)/./node_modules/next/dist/compiled/react-dom/cjs/react-dom.development.js:15854:20)
    at beginWork$1 (webpack-internal:///(app-pages-browser)/./node_modules/next/dist/compiled/react-dom/cjs/react-dom.development.js:18521:16)
    at beginWork (webpack-internal:///(app-pages-browser)/./node_modules/next/dist/compiled/react-dom/cjs/react-dom.development.js:26927:14)
    at performUnitOfWork (webpack-internal:///(app-pages-browser)/./node_modules/next/dist/compiled/react-dom/cjs/react-dom.development.js:25748:12)
    at workLoopSync (webpack-internal:///(app-pages-browser)/./node_modules/next/dist/compiled/react-dom/cjs/react-dom.development.js:25464:5)
    at renderRootSync (webpack-internal:///(app-pages-browser)/./node_modules/next/dist/compiled/react-dom/cjs/react-dom.development.js:25419:7)
    at recoverFromConcurrentError (webpack-internal:///(app-pages-browser)/./node_modules/next/dist/compiled/react-dom/cjs/react-dom.development.js:24597:20)
    at performConcurrentWorkOnRoot (webpack-internal:///(app-pages-browser)/./node_modules/next/dist/compiled/react-dom/cjs/react-dom.development.js:24542:26)
    at workLoop (webpack-internal:///(app-pages-browser)/./node_modules/next/dist/compiled/scheduler/cjs/scheduler.development.js:256:34)
    at flushWork (webpack-internal:///(app-pages-browser)/./node_modules/next/dist/compiled/scheduler/cjs/scheduler.development.js:225:14)
    at MessagePort.performWorkUntilDeadline (webpack-internal:///(app-pages-browser)/./node_modules/next/dist/compiled/scheduler/cjs/scheduler.development.js:534:21)
[  500496ms] Error: Invalid src prop (https://cc.sj-cdn.net/certificate/3i2kpf9wzkzfs/certificate-a6jsn478578g-1779298010.jpg?Expires=1781793273&Signature=O5wxUOG63nvF350HsRPbtQPbtACHAS~RCP-yBx4DdJWARGy2Fw~N8WJjb9zPwjlf3rK9tUeOi3QANbtYwsb5mf5cclwCrv9v6brKqUVrWnvMYFSXtqucKjYmKHsTu8~NTj~hGUijg-T41U3Lyng7KHN60dtbYG6EKAt8A4yrUM5VoEWEBjBpxWfhwBsO1hClik4O8nrBPVWZcItLkfAETO~vG3l6AERxaOW~c-xS8I1dmcoP4MTwyBlKtBsrx-SJWgJOPyDU7hx16Zr2NmABP2ckmqtgfeudBpn394XN7CHZAqUJL5WSovNxfmKv75WCSY2I42ericCgAERDprAZuw__&Key-Pair-Id=APKAI3B7HFD2VYJQK4MQ) on `next/image`, hostname "cc.sj-cdn.net" is not configured under images in your `next.config.js`
See more info: https://nextjs.org/docs/messages/next-image-unconfigured-host
    at defaultLoader (webpack-internal:///(app-pages-browser)/./node_modules/next/dist/shared/lib/image-loader.js:51:27)
    at eval (webpack-internal:///(app-pages-browser)/./node_modules/next/dist/shared/lib/get-img-props.js:100:36)
    at Array.map (<anonymous>)
    at generateImgAttrs (webpack-internal:///(app-pages-browser)/./node_modules/next/dist/shared/lib/get-img-props.js:100:24)
    at getImgProps (webpack-internal:///(app-pages-browser)/./node_modules/next/dist/shared/lib/get-img-props.js:400:27)
    at eval (webpack-internal:///(app-pages-browser)/./node_modules/next/dist/client/image-component.js:280:82)
    at renderWithHooks (webpack-internal:///(app-pages-browser)/./node_modules/next/dist/compiled/react-dom/cjs/react-dom.development.js:11121:18)
    at updateForwardRef (webpack-internal:///(app-pages-browser)/./node_modules/next/dist/compiled/react-dom/cjs/react-dom.development.js:15854:20)
    at beginWork$1 (webpack-internal:///(app-pages-browser)/./node_modules/next/dist/compiled/react-dom/cjs/react-dom.development.js:18521:16)
    at beginWork (webpack-internal:///(app-pages-browser)/./node_modules/next/dist/compiled/react-dom/cjs/react-dom.development.js:26927:14)
    at performUnitOfWork (webpack-internal:///(app-pages-browser)/./node_modules/next/dist/compiled/react-dom/cjs/react-dom.development.js:25748:12)
    at workLoopSync (webpack-internal:///(app-pages-browser)/./node_modules/next/dist/compiled/react-dom/cjs/react-dom.development.js:25464:5)
    at renderRootSync (webpack-internal:///(app-pages-browser)/./node_modules/next/dist/compiled/react-dom/cjs/react-dom.development.js:25419:7)
    at recoverFromConcurrentError (webpack-internal:///(app-pages-browser)/./node_modules/next/dist/compiled/react-dom/cjs/react-dom.development.js:24597:20)
    at performConcurrentWorkOnRoot (webpack-internal:///(app-pages-browser)/./node_modules/next/dist/compiled/react-dom/cjs/react-dom.development.js:24542:26)
    at workLoop (webpack-internal:///(app-pages-browser)/./node_modules/next/dist/compiled/scheduler/cjs/scheduler.development.js:256:34)
    at flushWork (webpack-internal:///(app-pages-browser)/./node_modules/next/dist/compiled/scheduler/cjs/scheduler.development.js:225:14)
    at MessagePort.performWorkUntilDeadline (webpack-internal:///(app-pages-browser)/./node_modules/next/dist/compiled/scheduler/cjs/scheduler.development.js:534:21)
[  500498ms] Error: Invalid src prop (https://cc.sj-cdn.net/certificate/3i2kpf9wzkzfs/certificate-a6jsn478578g-1779298010.jpg?Expires=1781793273&Signature=O5wxUOG63nvF350HsRPbtQPbtACHAS~RCP-yBx4DdJWARGy2Fw~N8WJjb9zPwjlf3rK9tUeOi3QANbtYwsb5mf5cclwCrv9v6brKqUVrWnvMYFSXtqucKjYmKHsTu8~NTj~hGUijg-T41U3Lyng7KHN60dtbYG6EKAt8A4yrUM5VoEWEBjBpxWfhwBsO1hClik4O8nrBPVWZcItLkfAETO~vG3l6AERxaOW~c-xS8I1dmcoP4MTwyBlKtBsrx-SJWgJOPyDU7hx16Zr2NmABP2ckmqtgfeudBpn394XN7CHZAqUJL5WSovNxfmKv75WCSY2I42ericCgAERDprAZuw__&Key-Pair-Id=APKAI3B7HFD2VYJQK4MQ) on `next/image`, hostname "cc.sj-cdn.net" is not configured under images in your `next.config.js`
See more info: https://nextjs.org/docs/messages/next-image-unconfigured-host
    at defaultLoader (webpack-internal:///(app-pages-browser)/./node_modules/next/dist/shared/lib/image-loader.js:51:27)
    at eval (webpack-internal:///(app-pages-browser)/./node_modules/next/dist/shared/lib/get-img-props.js:100:36)
    at Array.map (<anonymous>)
    at generateImgAttrs (webpack-internal:///(app-pages-browser)/./node_modules/next/dist/shared/lib/get-img-props.js:100:24)
    at getImgProps (webpack-internal:///(app-pages-browser)/./node_modules/next/dist/shared/lib/get-img-props.js:400:27)
    at eval (webpack-internal:///(app-pages-browser)/./node_modules/next/dist/client/image-component.js:280:82)
    at renderWithHooks (webpack-internal:///(app-pages-browser)/./node_modules/next/dist/compiled/react-dom/cjs/react-dom.development.js:11121:18)
    at updateForwardRef (webpack-internal:///(app-pages-browser)/./node_modules/next/dist/compiled/react-dom/cjs/react-dom.development.js:15854:20)
    at beginWork$1 (webpack-internal:///(app-pages-browser)/./node_modules/next/dist/compiled/react-dom/cjs/react-dom.development.js:18521:16)
    at beginWork (webpack-internal:///(app-pages-browser)/./node_modules/next/dist/compiled/react-dom/cjs/react-dom.development.js:26927:14)
    at performUnitOfWork (webpack-internal:///(app-pages-browser)/./node_modules/next/dist/compiled/react-dom/cjs/react-dom.development.js:25748:12)
    at workLoopSync (webpack-internal:///(app-pages-browser)/./node_modules/next/dist/compiled/react-dom/cjs/react-dom.development.js:25464:5)
    at renderRootSync (webpack-internal:///(app-pages-browser)/./node_modules/next/dist/compiled/react-dom/cjs/react-dom.development.js:25419:7)
    at recoverFromConcurrentError (webpack-internal:///(app-pages-browser)/./node_modules/next/dist/compiled/react-dom/cjs/react-dom.development.js:24597:20)
    at performConcurrentWorkOnRoot (webpack-internal:///(app-pages-browser)/./node_modules/next/dist/compiled/react-dom/cjs/react-dom.development.js:24542:26)
    at workLoop (webpack-internal:///(app-pages-browser)/./node_modules/next/dist/compiled/scheduler/cjs/scheduler.development.js:256:34)
    at flushWork (webpack-internal:///(app-pages-browser)/./node_modules/next/dist/compiled/scheduler/cjs/scheduler.development.js:225:14)
    at MessagePort.performWorkUntilDeadline (webpack-internal:///(app-pages-browser)/./node_modules/next/dist/compiled/scheduler/cjs/scheduler.development.js:534:21)
[  500499ms] Error: Invalid src prop (https://cc.sj-cdn.net/certificate/3i2kpf9wzkzfs/certificate-a6jsn478578g-1779298010.jpg?Expires=1781793273&Signature=O5wxUOG63nvF350HsRPbtQPbtACHAS~RCP-yBx4DdJWARGy2Fw~N8WJjb9zPwjlf3rK9tUeOi3QANbtYwsb5mf5cclwCrv9v6brKqUVrWnvMYFSXtqucKjYmKHsTu8~NTj~hGUijg-T41U3Lyng7KHN60dtbYG6EKAt8A4yrUM5VoEWEBjBpxWfhwBsO1hClik4O8nrBPVWZcItLkfAETO~vG3l6AERxaOW~c-xS8I1dmcoP4MTwyBlKtBsrx-SJWgJOPyDU7hx16Zr2NmABP2ckmqtgfeudBpn394XN7CHZAqUJL5WSovNxfmKv75WCSY2I42ericCgAERDprAZuw__&Key-Pair-Id=APKAI3B7HFD2VYJQK4MQ) on `next/image`, hostname "cc.sj-cdn.net" is not configured under images in your `next.config.js`
See more info: https://nextjs.org/docs/messages/next-image-unconfigured-host
    at defaultLoader (webpack-internal:///(app-pages-browser)/./node_modules/next/dist/shared/lib/image-loader.js:51:27)
    at eval (webpack-internal:///(app-pages-browser)/./node_modules/next/dist/shared/lib/get-img-props.js:100:36)
    at Array.map (<anonymous>)
    at generateImgAttrs (webpack-internal:///(app-pages-browser)/./node_modules/next/dist/shared/lib/get-img-props.js:100:24)
    at getImgProps (webpack-internal:///(app-pages-browser)/./node_modules/next/dist/shared/lib/get-img-props.js:400:27)
    at eval (webpack-internal:///(app-pages-browser)/./node_modules/next/dist/client/image-component.js:280:82)
    at renderWithHooks (webpack-internal:///(app-pages-browser)/./node_modules/next/dist/compiled/react-dom/cjs/react-dom.development.js:11121:18)
    at updateForwardRef (webpack-internal:///(app-pages-browser)/./node_modules/next/dist/compiled/react-dom/cjs/react-dom.development.js:15854:20)
    at beginWork$1 (webpack-internal:///(app-pages-browser)/./node_modules/next/dist/compiled/react-dom/cjs/react-dom.development.js:18521:16)
    at beginWork (webpack-internal:///(app-pages-browser)/./node_modules/next/dist/compiled/react-dom/cjs/react-dom.development.js:26927:14)
    at performUnitOfWork (webpack-internal:///(app-pages-browser)/./node_modules/next/dist/compiled/react-dom/cjs/react-dom.development.js:25748:12)
    at workLoopSync (webpack-internal:///(app-pages-browser)/./node_modules/next/dist/compiled/react-dom/cjs/react-dom.development.js:25464:5)
    at renderRootSync (webpack-internal:///(app-pages-browser)/./node_modules/next/dist/compiled/react-dom/cjs/react-dom.development.js:25419:7)
    at recoverFromConcurrentError (webpack-internal:///(app-pages-browser)/./node_modules/next/dist/compiled/react-dom/cjs/react-dom.development.js:24597:20)
    at performConcurrentWorkOnRoot (webpack-internal:///(app-pages-browser)/./node_modules/next/dist/compiled/react-dom/cjs/react-dom.development.js:24542:26)
    at workLoop (webpack-internal:///(app-pages-browser)/./node_modules/next/dist/compiled/scheduler/cjs/scheduler.development.js:256:34)
    at flushWork (webpack-internal:///(app-pages-browser)/./node_modules/next/dist/compiled/scheduler/cjs/scheduler.development.js:225:14)
    at MessagePort.performWorkUntilDeadline (webpack-internal:///(app-pages-browser)/./node_modules/next/dist/compiled/scheduler/cjs/scheduler.development.js:534:21)
[  500486ms] [ERROR] The above error occurred in the <NotFoundErrorBoundary> component:

    at eval (webpack-internal:///(app-pages-browser)/./node_modules/next/dist/client/image-component.js:243:47)
    at div
    at div
    at div
    at div
    at TweetCard (webpack-internal:///(app-pages-browser)/./src/components/GlobalComponents/TweetCard/index.tsx:21:11)
    at div
    at section
    at CoursesSection (webpack-internal:///(app-pages-browser)/./src/components/CoursesSection/index.tsx:28:68)
    at section
    at main
    at div
    at div
    at HomeContent (webpack-internal:///(app-pages-browser)/./src/components/HomeContent/index.tsx:40:71)
    at BailoutToCSR (webpack-internal:///(app-pages-browser)/./node_modules/next/dist/shared/lib/lazy-dynamic/dynamic-bailout-to-csr.js:13:11)
    at Suspense
    at LoadableComponent
    at Home
    at ClientPageRoot (webpack-internal:///(app-pages-browser)/./node_modules/next/dist/client/components/client-page.js:14:11)
    at InnerLayoutRouter (webpack-internal:///(app-pages-browser)/./node_modules/next/dist/client/components/layout-router.js:243:11)
    at RedirectErrorBoundary (webpack-internal:///(app-pages-browser)/./node_modules/next/dist/client/components/redirect-boundary.js:74:9)
    at RedirectBoundary (webpack-internal:///(app-pages-browser)/./node_modules/next/dist/client/components/redirect-boundary.js:82:11)
    at NotFoundErrorBoundary (webpack-internal:///(app-pages-browser)/./node_modules/next/dist/client/components/not-found-boundary.js:76:9)
    at NotFoundBoundary (webpack-internal:///(app-pages-browser)/./node_modules/next/dist/client/components/not-found-boundary.js:84:11)
    at LoadingBoundary (webpack-internal:///(app-pages-browser)/./node_modules/next/dist/client/components/layout-router.js:349:11)
    at ErrorBoundary (webpack-internal:///(app-pages-browser)/./node_modules/next/dist/client/components/error-boundary.js:160:11)
    at InnerScrollAndFocusHandler (webpack-internal:///(app-pages-browser)/./node_modules/next/dist/client/components/layout-router.js:153:9)
    at ScrollAndFocusHandler (webpack-internal:///(app-pages-browser)/./node_modules/next/dist/client/components/layout-router.js:228:11)
    at RenderFromTemplateContext (webpack-internal:///(app-pages-browser)/./node_modules/next/dist/client/components/render-from-template-context.js:16:44)
    at OuterLayoutRouter (webpack-internal:///(app-pages-browser)/./node_modules/next/dist/client/components/layout-router.js:370:11)
    at GlobalContextProvider (webpack-internal:///(app-pages-browser)/./src/context/GlobalContext/index.tsx:14:11)
    at body
    at html
    at RootLayout (Server)
    at RedirectErrorBoundary (webpack-internal:///(app-pages-browser)/./node_modules/next/dist/client/components/redirect-boundary.js:74:9)
    at RedirectBoundary (webpack-internal:///(app-pages-browser)/./node_modules/next/dist/client/components/redirect-boundary.js:82:11)
    at NotFoundErrorBoundary (webpack-internal:///(app-pages-browser)/./node_modules/next/dist/client/components/not-found-boundary.js:76:9)
    at NotFoundBoundary (webpack-internal:///(app-pages-browser)/./node_modules/next/dist/client/components/not-found-boundary.js:84:11)
    at DevRootNotFoundBoundary (webpack-internal:///(app-pages-browser)/./node_modules/next/dist/client/components/dev-root-not-found-boundary.js:33:11)
    at ReactDevOverlay (webpack-internal:///(app-pages-browser)/./node_modules/next/dist/client/components/react-dev-overlay/app/ReactDevOverlay.js:87:9)
    at HotReload (webpack-internal:///(app-pages-browser)/./node_modules/next/dist/client/components/react-dev-overlay/app/hot-reloader-client.js:321:11)
    at Router (webpack-internal:///(app-pages-browser)/./node_modules/next/dist/client/components/app-router.js:207:11)
    at ErrorBoundaryHandler (webpack-internal:///(app-pages-browser)/./node_modules/next/dist/client/components/error-boundary.js:113:9)
    at ErrorBoundary (webpack-internal:///(app-pages-browser)/./node_modules/next/dist/client/components/error-boundary.js:160:11)
    at AppRouter (webpack-internal:///(app-pages-browser)/./node_modules/next/dist/client/components/app-router.js:585:13)
    at ServerRoot (webpack-internal:///(app-pages-browser)/./node_modules/next/dist/client/app-index.js:112:27)
    at Root (webpack-internal:///(app-pages-browser)/./node_modules/next/dist/client/app-index.js:117:11)

React will try to recreate this component tree from scratch using the error boundary you provided, ReactDevOverlay. @ webpack-internal:///(app-pages-browser)/./node_modules/next/dist/client/app-index.js:32
[  532389ms] [LOG] [Fast Refresh] rebuilding @ webpack-internal:///(app-pages-browser)/./node_modules/next/dist/client/components/react-dev-overlay/app/hot-reloader-client.js:186
[  534708ms] [WARNING] [Fast Refresh] performing full reload because your application had an unrecoverable error @ webpack-internal:///(app-pages-browser)/./node_modules/next/dist/client/components/react-dev-overlay/app/hot-reloader-client.js:114
[  535672ms] [INFO] %cDownload the React DevTools for a better development experience: https://reactjs.org/link/react-devtools font-weight:bold @ webpack-internal:///(app-pages-browser)/./node_modules/next/dist/compiled/react-dom/cjs/react-dom.development.js:38559
[  535874ms] [LOG] %c
 ██████╗  █████╗ ██████╗ ██████╗ ██╗███████╗██╗        
██╔════╝ ██╔══██╗██╔══██╗██╔══██╗██║██╔════╝██║         
██║  ███╗███████║██████╔╝██████╔╝██║█████╗  ██║         
██║   ██║██╔══██║██╔══██╗██╔══██╗██║██╔══╝  ██║         
╚██████╔╝██║  ██║██████╔╝██║  ██║██║███████╗███████╗    
 ╚═════╝ ╚═╝  ╚═╝╚═════╝ ╚═╝  ╚═╝╚═╝╚══════╝╚══════╝    
%c
███████╗██████╗ ███████╗██╗████████╗ █████╗ ███████╗
██╔════╝██╔══██╗██╔════╝██║╚══██╔══╝██╔══██╗██╔════╝
█████╗  ██████╔╝█████╗  ██║   ██║   ███████║███████╗
██╔══╝  ██╔══██╗██╔══╝  ██║   ██║   ██╔══██║╚════██║
██║     ██║  ██║███████╗██║   ██║   ██║  ██║███████║
╚═╝     ╚═╝  ╚═╝╚══════╝╚═╝   ╚═╝   ╚═╝  ╚═╝╚══════╝
        %c%c color: #7e22ce; font: 400 1em monospace;  background-color: #d2ff00; color: black; font: 400 1em monospace; padding: 0.5em 0; font-weight: bold;  @ webpack-internal:///(app-pages-browser)/./src/context/GlobalContext/index.tsx:16
[  535917ms] [LOG] %c
 ██████╗  █████╗ ██████╗ ██████╗ ██╗███████╗██╗        
██╔════╝ ██╔══██╗██╔══██╗██╔══██╗██║██╔════╝██║         
██║  ███╗███████║██████╔╝██████╔╝██║█████╗  ██║         
██║   ██║██╔══██║██╔══██╗██╔══██╗██║██╔══╝  ██║         
╚██████╔╝██║  ██║██████╔╝██║  ██║██║███████╗███████╗    
 ╚═════╝ ╚═╝  ╚═╝╚═════╝ ╚═╝  ╚═╝╚═╝╚══════╝╚══════╝    
%c
███████╗██████╗ ███████╗██╗████████╗ █████╗ ███████╗
██╔════╝██╔══██╗██╔════╝██║╚══██╔══╝██╔══██╗██╔════╝
█████╗  ██████╔╝█████╗  ██║   ██║   ███████║███████╗
██╔══╝  ██╔══██╗██╔══╝  ██║   ██║   ██╔══██║╚════██║
██║     ██║  ██║███████╗██║   ██║   ██║  ██║███████║
╚═╝     ╚═╝  ╚═╝╚══════╝╚═╝   ╚═╝   ╚═╝  ╚═╝╚══════╝
        %c%c color: #7e22ce; font: 400 1em monospace;  background-color: #d2ff00; color: black; font: 400 1em monospace; padding: 0.5em 0; font-weight: bold;  @ webpack-internal:///(app-pages-browser)/./src/context/GlobalContext/index.tsx:16
[  538703ms] [ERROR] Warning: Cannot update a component (`%s`) while rendering a different component (`%s`). To locate the bad setState() call inside `%s`, follow the stack trace as described in https://reactjs.org/link/setstate-in-render%s HotReload ForwardRef ForwardRef 
    at eval (webpack-internal:///(app-pages-browser)/./node_modules/next/dist/client/image-component.js:243:47)
    at div
    at div
    at div
    at div
    at TweetCard (webpack-internal:///(app-pages-browser)/./src/components/GlobalComponents/TweetCard/index.tsx:21:11)
    at div
    at section
    at CoursesSection (webpack-internal:///(app-pages-browser)/./src/components/CoursesSection/index.tsx:28:68)
    at section
    at main
    at div
    at div
    at HomeContent (webpack-internal:///(app-pages-browser)/./src/components/HomeContent/index.tsx:40:71)
    at BailoutToCSR (webpack-internal:///(app-pages-browser)/./node_modules/next/dist/shared/lib/lazy-dynamic/dynamic-bailout-to-csr.js:13:11)
    at Suspense
    at LoadableComponent
    at Home
    at ClientPageRoot (webpack-internal:///(app-pages-browser)/./node_modules/next/dist/client/components/client-page.js:14:11)
    at InnerLayoutRouter (webpack-internal:///(app-pages-browser)/./node_modules/next/dist/client/components/layout-router.js:243:11)
    at RedirectErrorBoundary (webpack-internal:///(app-pages-browser)/./node_modules/next/dist/client/components/redirect-boundary.js:74:9)
    at RedirectBoundary (webpack-internal:///(app-pages-browser)/./node_modules/next/dist/client/components/redirect-boundary.js:82:11)
    at NotFoundErrorBoundary (webpack-internal:///(app-pages-browser)/./node_modules/next/dist/client/components/not-found-boundary.js:76:9)
    at NotFoundBoundary (webpack-internal:///(app-pages-browser)/./node_modules/next/dist/client/components/not-found-boundary.js:84:11)
    at LoadingBoundary (webpack-internal:///(app-pages-browser)/./node_modules/next/dist/client/components/layout-router.js:349:11)
    at ErrorBoundary (webpack-internal:///(app-pages-browser)/./node_modules/next/dist/client/components/error-boundary.js:160:11)
    at InnerScrollAndFocusHandler (webpack-internal:///(app-pages-browser)/./node_modules/next/dist/client/components/layout-router.js:153:9)
    at ScrollAndFocusHandler (webpack-internal:///(app-pages-browser)/./node_modules/next/dist/client/components/layout-router.js:228:11)
    at RenderFromTemplateContext (webpack-internal:///(app-pages-browser)/./node_modules/next/dist/client/components/render-from-template-context.js:16:44)
    at OuterLayoutRouter (webpack-internal:///(app-pages-browser)/./node_modules/next/dist/client/components/layout-router.js:370:11)
    at GlobalContextProvider (webpack-internal:///(app-pages-browser)/./src/context/GlobalContext/index.tsx:14:11)
    at body
    at html
    at RootLayout (Server)
    at RedirectErrorBoundary (webpack-internal:///(app-pages-browser)/./node_modules/next/dist/client/components/redirect-boundary.js:74:9)
    at RedirectBoundary (webpack-internal:///(app-pages-browser)/./node_modules/next/dist/client/components/redirect-boundary.js:82:11)
    at NotFoundErrorBoundary (webpack-internal:///(app-pages-browser)/./node_modules/next/dist/client/components/not-found-boundary.js:76:9)
    at NotFoundBoundary (webpack-internal:///(app-pages-browser)/./node_modules/next/dist/client/components/not-found-boundary.js:84:11)
    at DevRootNotFoundBoundary (webpack-internal:///(app-pages-browser)/./node_modules/next/dist/client/components/dev-root-not-found-boundary.js:33:11)
    at ReactDevOverlay (webpack-internal:///(app-pages-browser)/./node_modules/next/dist/client/components/react-dev-overlay/app/ReactDevOverlay.js:87:9)
    at HotReload (webpack-internal:///(app-pages-browser)/./node_modules/next/dist/client/components/react-dev-overlay/app/hot-reloader-client.js:321:11)
    at Router (webpack-internal:///(app-pages-browser)/./node_modules/next/dist/client/components/app-router.js:207:11)
    at ErrorBoundaryHandler (webpack-internal:///(app-pages-browser)/./node_modules/next/dist/client/components/error-boundary.js:113:9)
    at ErrorBoundary (webpack-internal:///(app-pages-browser)/./node_modules/next/dist/client/components/error-boundary.js:160:11)
    at AppRouter (webpack-internal:///(app-pages-browser)/./node_modules/next/dist/client/components/app-router.js:585:13)
    at ServerRoot (webpack-internal:///(app-pages-browser)/./node_modules/next/dist/client/app-index.js:112:27)
    at Root (webpack-internal:///(app-pages-browser)/./node_modules/next/dist/client/app-index.js:117:11) @ webpack-internal:///(app-pages-browser)/./node_modules/next/dist/client/app-index.js:32
[  538713ms] Error: Invalid src prop (https://media.licdn.com/dms/image/v2/D4D2DAQHhl4-fgUlyQQ/profile-treasury-document-images_1920/B4DZ5Gcg_RGQAk-/1/1779298342112?e=1782950400&v=beta&t=1J8FleRgXcN-lRxQTvUMSX-SVFVtV9BHYmivLyfBzgk) on `next/image`, hostname "media.licdn.com" is not configured under images in your `next.config.js`
See more info: https://nextjs.org/docs/messages/next-image-unconfigured-host
    at defaultLoader (webpack-internal:///(app-pages-browser)/./node_modules/next/dist/shared/lib/image-loader.js:51:27)
    at eval (webpack-internal:///(app-pages-browser)/./node_modules/next/dist/shared/lib/get-img-props.js:100:36)
    at Array.map (<anonymous>)
    at generateImgAttrs (webpack-internal:///(app-pages-browser)/./node_modules/next/dist/shared/lib/get-img-props.js:100:24)
    at getImgProps (webpack-internal:///(app-pages-browser)/./node_modules/next/dist/shared/lib/get-img-props.js:400:27)
    at eval (webpack-internal:///(app-pages-browser)/./node_modules/next/dist/client/image-component.js:280:82)
    at renderWithHooks (webpack-internal:///(app-pages-browser)/./node_modules/next/dist/compiled/react-dom/cjs/react-dom.development.js:11121:18)
    at updateForwardRef (webpack-internal:///(app-pages-browser)/./node_modules/next/dist/compiled/react-dom/cjs/react-dom.development.js:15854:20)
    at beginWork$1 (webpack-internal:///(app-pages-browser)/./node_modules/next/dist/compiled/react-dom/cjs/react-dom.development.js:18521:16)
    at HTMLUnknownElement.callCallback (webpack-internal:///(app-pages-browser)/./node_modules/next/dist/compiled/react-dom/cjs/react-dom.development.js:20565:14)
    at Object.invokeGuardedCallbackImpl (webpack-internal:///(app-pages-browser)/./node_modules/next/dist/compiled/react-dom/cjs/react-dom.development.js:20614:16)
    at invokeGuardedCallback (webpack-internal:///(app-pages-browser)/./node_modules/next/dist/compiled/react-dom/cjs/react-dom.development.js:20689:29)
    at beginWork (webpack-internal:///(app-pages-browser)/./node_modules/next/dist/compiled/react-dom/cjs/react-dom.development.js:26949:7)
    at performUnitOfWork (webpack-internal:///(app-pages-browser)/./node_modules/next/dist/compiled/react-dom/cjs/react-dom.development.js:25748:12)
    at workLoopConcurrent (webpack-internal:///(app-pages-browser)/./node_modules/next/dist/compiled/react-dom/cjs/react-dom.development.js:25734:5)
    at renderRootConcurrent (webpack-internal:///(app-pages-browser)/./node_modules/next/dist/compiled/react-dom/cjs/react-dom.development.js:25690:9)
    at performConcurrentWorkOnRoot (webpack-internal:///(app-pages-browser)/./node_modules/next/dist/compiled/react-dom/cjs/react-dom.development.js:24504:38)
    at workLoop (webpack-internal:///(app-pages-browser)/./node_modules/next/dist/compiled/scheduler/cjs/scheduler.development.js:256:34)
    at flushWork (webpack-internal:///(app-pages-browser)/./node_modules/next/dist/compiled/scheduler/cjs/scheduler.development.js:225:14)
    at MessagePort.performWorkUntilDeadline (webpack-internal:///(app-pages-browser)/./node_modules/next/dist/compiled/scheduler/cjs/scheduler.development.js:534:21)
[  538715ms] Error: Invalid src prop (https://media.licdn.com/dms/image/v2/D4D2DAQHhl4-fgUlyQQ/profile-treasury-document-images_1920/B4DZ5Gcg_RGQAk-/1/1779298342112?e=1782950400&v=beta&t=1J8FleRgXcN-lRxQTvUMSX-SVFVtV9BHYmivLyfBzgk) on `next/image`, hostname "media.licdn.com" is not configured under images in your `next.config.js`
See more info: https://nextjs.org/docs/messages/next-image-unconfigured-host
    at defaultLoader (webpack-internal:///(app-pages-browser)/./node_modules/next/dist/shared/lib/image-loader.js:51:27)
    at eval (webpack-internal:///(app-pages-browser)/./node_modules/next/dist/shared/lib/get-img-props.js:100:36)
    at Array.map (<anonymous>)
    at generateImgAttrs (webpack-internal:///(app-pages-browser)/./node_modules/next/dist/shared/lib/get-img-props.js:100:24)
    at getImgProps (webpack-internal:///(app-pages-browser)/./node_modules/next/dist/shared/lib/get-img-props.js:400:27)
    at eval (webpack-internal:///(app-pages-browser)/./node_modules/next/dist/client/image-component.js:280:82)
    at renderWithHooks (webpack-internal:///(app-pages-browser)/./node_modules/next/dist/compiled/react-dom/cjs/react-dom.development.js:11121:18)
    at updateForwardRef (webpack-internal:///(app-pages-browser)/./node_modules/next/dist/compiled/react-dom/cjs/react-dom.development.js:15854:20)
    at beginWork$1 (webpack-internal:///(app-pages-browser)/./node_modules/next/dist/compiled/react-dom/cjs/react-dom.development.js:18521:16)
    at beginWork (webpack-internal:///(app-pages-browser)/./node_modules/next/dist/compiled/react-dom/cjs/react-dom.development.js:26927:14)
    at performUnitOfWork (webpack-internal:///(app-pages-browser)/./node_modules/next/dist/compiled/react-dom/cjs/react-dom.development.js:25748:12)
    at workLoopConcurrent (webpack-internal:///(app-pages-browser)/./node_modules/next/dist/compiled/react-dom/cjs/react-dom.development.js:25734:5)
    at renderRootConcurrent (webpack-internal:///(app-pages-browser)/./node_modules/next/dist/compiled/react-dom/cjs/react-dom.development.js:25690:9)
    at performConcurrentWorkOnRoot (webpack-internal:///(app-pages-browser)/./node_modules/next/dist/compiled/react-dom/cjs/react-dom.development.js:24504:38)
    at workLoop (webpack-internal:///(app-pages-browser)/./node_modules/next/dist/compiled/scheduler/cjs/scheduler.development.js:256:34)
    at flushWork (webpack-internal:///(app-pages-browser)/./node_modules/next/dist/compiled/scheduler/cjs/scheduler.development.js:225:14)
    at MessagePort.performWorkUntilDeadline (webpack-internal:///(app-pages-browser)/./node_modules/next/dist/compiled/scheduler/cjs/scheduler.development.js:534:21)
[  538715ms] Error: Invalid src prop (https://media.licdn.com/dms/image/v2/D4D2DAQHhl4-fgUlyQQ/profile-treasury-document-images_1920/B4DZ5Gcg_RGQAk-/1/1779298342112?e=1782950400&v=beta&t=1J8FleRgXcN-lRxQTvUMSX-SVFVtV9BHYmivLyfBzgk) on `next/image`, hostname "media.licdn.com" is not configured under images in your `next.config.js`
See more info: https://nextjs.org/docs/messages/next-image-unconfigured-host
    at defaultLoader (webpack-internal:///(app-pages-browser)/./node_modules/next/dist/shared/lib/image-loader.js:51:27)
    at eval (webpack-internal:///(app-pages-browser)/./node_modules/next/dist/shared/lib/get-img-props.js:100:36)
    at Array.map (<anonymous>)
    at generateImgAttrs (webpack-internal:///(app-pages-browser)/./node_modules/next/dist/shared/lib/get-img-props.js:100:24)
    at getImgProps (webpack-internal:///(app-pages-browser)/./node_modules/next/dist/shared/lib/get-img-props.js:400:27)
    at eval (webpack-internal:///(app-pages-browser)/./node_modules/next/dist/client/image-component.js:280:82)
    at renderWithHooks (webpack-internal:///(app-pages-browser)/./node_modules/next/dist/compiled/react-dom/cjs/react-dom.development.js:11121:18)
    at updateForwardRef (webpack-internal:///(app-pages-browser)/./node_modules/next/dist/compiled/react-dom/cjs/react-dom.development.js:15854:20)
    at beginWork$1 (webpack-internal:///(app-pages-browser)/./node_modules/next/dist/compiled/react-dom/cjs/react-dom.development.js:18521:16)
    at beginWork (webpack-internal:///(app-pages-browser)/./node_modules/next/dist/compiled/react-dom/cjs/react-dom.development.js:26927:14)
    at performUnitOfWork (webpack-internal:///(app-pages-browser)/./node_modules/next/dist/compiled/react-dom/cjs/react-dom.development.js:25748:12)
    at workLoopConcurrent (webpack-internal:///(app-pages-browser)/./node_modules/next/dist/compiled/react-dom/cjs/react-dom.development.js:25734:5)
    at renderRootConcurrent (webpack-internal:///(app-pages-browser)/./node_modules/next/dist/compiled/react-dom/cjs/react-dom.development.js:25690:9)
    at performConcurrentWorkOnRoot (webpack-internal:///(app-pages-browser)/./node_modules/next/dist/compiled/react-dom/cjs/react-dom.development.js:24504:38)
    at workLoop (webpack-internal:///(app-pages-browser)/./node_modules/next/dist/compiled/scheduler/cjs/scheduler.development.js:256:34)
    at flushWork (webpack-internal:///(app-pages-browser)/./node_modules/next/dist/compiled/scheduler/cjs/scheduler.development.js:225:14)
    at MessagePort.performWorkUntilDeadline (webpack-internal:///(app-pages-browser)/./node_modules/next/dist/compiled/scheduler/cjs/scheduler.development.js:534:21)
[  538715ms] Error: Invalid src prop (https://media.licdn.com/dms/image/v2/D4D2DAQHhl4-fgUlyQQ/profile-treasury-document-images_1920/B4DZ5Gcg_RGQAk-/1/1779298342112?e=1782950400&v=beta&t=1J8FleRgXcN-lRxQTvUMSX-SVFVtV9BHYmivLyfBzgk) on `next/image`, hostname "media.licdn.com" is not configured under images in your `next.config.js`
See more info: https://nextjs.org/docs/messages/next-image-unconfigured-host
    at defaultLoader (webpack-internal:///(app-pages-browser)/./node_modules/next/dist/shared/lib/image-loader.js:51:27)
    at eval (webpack-internal:///(app-pages-browser)/./node_modules/next/dist/shared/lib/get-img-props.js:100:36)
    at Array.map (<anonymous>)
    at generateImgAttrs (webpack-internal:///(app-pages-browser)/./node_modules/next/dist/shared/lib/get-img-props.js:100:24)
    at getImgProps (webpack-internal:///(app-pages-browser)/./node_modules/next/dist/shared/lib/get-img-props.js:400:27)
    at eval (webpack-internal:///(app-pages-browser)/./node_modules/next/dist/client/image-component.js:280:82)
    at renderWithHooks (webpack-internal:///(app-pages-browser)/./node_modules/next/dist/compiled/react-dom/cjs/react-dom.development.js:11121:18)
    at updateForwardRef (webpack-internal:///(app-pages-browser)/./node_modules/next/dist/compiled/react-dom/cjs/react-dom.development.js:15854:20)
    at beginWork$1 (webpack-internal:///(app-pages-browser)/./node_modules/next/dist/compiled/react-dom/cjs/react-dom.development.js:18521:16)
    at beginWork (webpack-internal:///(app-pages-browser)/./node_modules/next/dist/compiled/react-dom/cjs/react-dom.development.js:26927:14)
    at performUnitOfWork (webpack-internal:///(app-pages-browser)/./node_modules/next/dist/compiled/react-dom/cjs/react-dom.development.js:25748:12)
    at workLoopConcurrent (webpack-internal:///(app-pages-browser)/./node_modules/next/dist/compiled/react-dom/cjs/react-dom.development.js:25734:5)
    at renderRootConcurrent (webpack-internal:///(app-pages-browser)/./node_modules/next/dist/compiled/react-dom/cjs/react-dom.development.js:25690:9)
    at performConcurrentWorkOnRoot (webpack-internal:///(app-pages-browser)/./node_modules/next/dist/compiled/react-dom/cjs/react-dom.development.js:24504:38)
    at workLoop (webpack-internal:///(app-pages-browser)/./node_modules/next/dist/compiled/scheduler/cjs/scheduler.development.js:256:34)
    at flushWork (webpack-internal:///(app-pages-browser)/./node_modules/next/dist/compiled/scheduler/cjs/scheduler.development.js:225:14)
    at MessagePort.performWorkUntilDeadline (webpack-internal:///(app-pages-browser)/./node_modules/next/dist/compiled/scheduler/cjs/scheduler.development.js:534:21)
[  538715ms] Error: Invalid src prop (https://media.licdn.com/dms/image/v2/D4D2DAQHhl4-fgUlyQQ/profile-treasury-document-images_1920/B4DZ5Gcg_RGQAk-/1/1779298342112?e=1782950400&v=beta&t=1J8FleRgXcN-lRxQTvUMSX-SVFVtV9BHYmivLyfBzgk) on `next/image`, hostname "media.licdn.com" is not configured under images in your `next.config.js`
See more info: https://nextjs.org/docs/messages/next-image-unconfigured-host
    at defaultLoader (webpack-internal:///(app-pages-browser)/./node_modules/next/dist/shared/lib/image-loader.js:51:27)
    at eval (webpack-internal:///(app-pages-browser)/./node_modules/next/dist/shared/lib/get-img-props.js:100:36)
    at Array.map (<anonymous>)
    at generateImgAttrs (webpack-internal:///(app-pages-browser)/./node_modules/next/dist/shared/lib/get-img-props.js:100:24)
    at getImgProps (webpack-internal:///(app-pages-browser)/./node_modules/next/dist/shared/lib/get-img-props.js:400:27)
    at eval (webpack-internal:///(app-pages-browser)/./node_modules/next/dist/client/image-component.js:280:82)
    at renderWithHooks (webpack-internal:///(app-pages-browser)/./node_modules/next/dist/compiled/react-dom/cjs/react-dom.development.js:11121:18)
    at updateForwardRef (webpack-internal:///(app-pages-browser)/./node_modules/next/dist/compiled/react-dom/cjs/react-dom.development.js:15854:20)
    at beginWork$1 (webpack-internal:///(app-pages-browser)/./node_modules/next/dist/compiled/react-dom/cjs/react-dom.development.js:18521:16)
    at beginWork (webpack-internal:///(app-pages-browser)/./node_modules/next/dist/compiled/react-dom/cjs/react-dom.development.js:26927:14)
    at performUnitOfWork (webpack-internal:///(app-pages-browser)/./node_modules/next/dist/compiled/react-dom/cjs/react-dom.development.js:25748:12)
    at workLoopConcurrent (webpack-internal:///(app-pages-browser)/./node_modules/next/dist/compiled/react-dom/cjs/react-dom.development.js:25734:5)
    at renderRootConcurrent (webpack-internal:///(app-pages-browser)/./node_modules/next/dist/compiled/react-dom/cjs/react-dom.development.js:25690:9)
    at performConcurrentWorkOnRoot (webpack-internal:///(app-pages-browser)/./node_modules/next/dist/compiled/react-dom/cjs/react-dom.development.js:24504:38)
    at workLoop (webpack-internal:///(app-pages-browser)/./node_modules/next/dist/compiled/scheduler/cjs/scheduler.development.js:256:34)
    at flushWork (webpack-internal:///(app-pages-browser)/./node_modules/next/dist/compiled/scheduler/cjs/scheduler.development.js:225:14)
    at MessagePort.performWorkUntilDeadline (webpack-internal:///(app-pages-browser)/./node_modules/next/dist/compiled/scheduler/cjs/scheduler.development.js:534:21)
[  538723ms] Error: Invalid src prop (https://media.licdn.com/dms/image/v2/D4D2DAQHhl4-fgUlyQQ/profile-treasury-document-images_1920/B4DZ5Gcg_RGQAk-/1/1779298342112?e=1782950400&v=beta&t=1J8FleRgXcN-lRxQTvUMSX-SVFVtV9BHYmivLyfBzgk) on `next/image`, hostname "media.licdn.com" is not configured under images in your `next.config.js`
See more info: https://nextjs.org/docs/messages/next-image-unconfigured-host
    at defaultLoader (webpack-internal:///(app-pages-browser)/./node_modules/next/dist/shared/lib/image-loader.js:51:27)
    at eval (webpack-internal:///(app-pages-browser)/./node_modules/next/dist/shared/lib/get-img-props.js:100:36)
    at Array.map (<anonymous>)
    at generateImgAttrs (webpack-internal:///(app-pages-browser)/./node_modules/next/dist/shared/lib/get-img-props.js:100:24)
    at getImgProps (webpack-internal:///(app-pages-browser)/./node_modules/next/dist/shared/lib/get-img-props.js:400:27)
    at eval (webpack-internal:///(app-pages-browser)/./node_modules/next/dist/client/image-component.js:280:82)
    at renderWithHooks (webpack-internal:///(app-pages-browser)/./node_modules/next/dist/compiled/react-dom/cjs/react-dom.development.js:11121:18)
    at updateForwardRef (webpack-internal:///(app-pages-browser)/./node_modules/next/dist/compiled/react-dom/cjs/react-dom.development.js:15854:20)
    at beginWork$1 (webpack-internal:///(app-pages-browser)/./node_modules/next/dist/compiled/react-dom/cjs/react-dom.development.js:18521:16)
    at HTMLUnknownElement.callCallback (webpack-internal:///(app-pages-browser)/./node_modules/next/dist/compiled/react-dom/cjs/react-dom.development.js:20565:14)
    at Object.invokeGuardedCallbackImpl (webpack-internal:///(app-pages-browser)/./node_modules/next/dist/compiled/react-dom/cjs/react-dom.development.js:20614:16)
    at invokeGuardedCallback (webpack-internal:///(app-pages-browser)/./node_modules/next/dist/compiled/react-dom/cjs/react-dom.development.js:20689:29)
    at beginWork (webpack-internal:///(app-pages-browser)/./node_modules/next/dist/compiled/react-dom/cjs/react-dom.development.js:26949:7)
    at performUnitOfWork (webpack-internal:///(app-pages-browser)/./node_modules/next/dist/compiled/react-dom/cjs/react-dom.development.js:25748:12)
    at workLoopSync (webpack-internal:///(app-pages-browser)/./node_modules/next/dist/compiled/react-dom/cjs/react-dom.development.js:25464:5)
    at renderRootSync (webpack-internal:///(app-pages-browser)/./node_modules/next/dist/compiled/react-dom/cjs/react-dom.development.js:25419:7)
    at recoverFromConcurrentError (webpack-internal:///(app-pages-browser)/./node_modules/next/dist/compiled/react-dom/cjs/react-dom.development.js:24597:20)
    at performConcurrentWorkOnRoot (webpack-internal:///(app-pages-browser)/./node_modules/next/dist/compiled/react-dom/cjs/react-dom.development.js:24542:26)
    at workLoop (webpack-internal:///(app-pages-browser)/./node_modules/next/dist/compiled/scheduler/cjs/scheduler.development.js:256:34)
    at flushWork (webpack-internal:///(app-pages-browser)/./node_modules/next/dist/compiled/scheduler/cjs/scheduler.development.js:225:14)
    at MessagePort.performWorkUntilDeadline (webpack-internal:///(app-pages-browser)/./node_modules/next/dist/compiled/scheduler/cjs/scheduler.development.js:534:21)
[  538724ms] Error: Invalid src prop (https://media.licdn.com/dms/image/v2/D4D2DAQHhl4-fgUlyQQ/profile-treasury-document-images_1920/B4DZ5Gcg_RGQAk-/1/1779298342112?e=1782950400&v=beta&t=1J8FleRgXcN-lRxQTvUMSX-SVFVtV9BHYmivLyfBzgk) on `next/image`, hostname "media.licdn.com" is not configured under images in your `next.config.js`
See more info: https://nextjs.org/docs/messages/next-image-unconfigured-host
    at defaultLoader (webpack-internal:///(app-pages-browser)/./node_modules/next/dist/shared/lib/image-loader.js:51:27)
    at eval (webpack-internal:///(app-pages-browser)/./node_modules/next/dist/shared/lib/get-img-props.js:100:36)
    at Array.map (<anonymous>)
    at generateImgAttrs (webpack-internal:///(app-pages-browser)/./node_modules/next/dist/shared/lib/get-img-props.js:100:24)
    at getImgProps (webpack-internal:///(app-pages-browser)/./node_modules/next/dist/shared/lib/get-img-props.js:400:27)
    at eval (webpack-internal:///(app-pages-browser)/./node_modules/next/dist/client/image-component.js:280:82)
    at renderWithHooks (webpack-internal:///(app-pages-browser)/./node_modules/next/dist/compiled/react-dom/cjs/react-dom.development.js:11121:18)
    at updateForwardRef (webpack-internal:///(app-pages-browser)/./node_modules/next/dist/compiled/react-dom/cjs/react-dom.development.js:15854:20)
    at beginWork$1 (webpack-internal:///(app-pages-browser)/./node_modules/next/dist/compiled/react-dom/cjs/react-dom.development.js:18521:16)
    at beginWork (webpack-internal:///(app-pages-browser)/./node_modules/next/dist/compiled/react-dom/cjs/react-dom.development.js:26927:14)
    at performUnitOfWork (webpack-internal:///(app-pages-browser)/./node_modules/next/dist/compiled/react-dom/cjs/react-dom.development.js:25748:12)
    at workLoopSync (webpack-internal:///(app-pages-browser)/./node_modules/next/dist/compiled/react-dom/cjs/react-dom.development.js:25464:5)
    at renderRootSync (webpack-internal:///(app-pages-browser)/./node_modules/next/dist/compiled/react-dom/cjs/react-dom.development.js:25419:7)
    at recoverFromConcurrentError (webpack-internal:///(app-pages-browser)/./node_modules/next/dist/compiled/react-dom/cjs/react-dom.development.js:24597:20)
    at performConcurrentWorkOnRoot (webpack-internal:///(app-pages-browser)/./node_modules/next/dist/compiled/react-dom/cjs/react-dom.development.js:24542:26)
    at workLoop (webpack-internal:///(app-pages-browser)/./node_modules/next/dist/compiled/scheduler/cjs/scheduler.development.js:256:34)
    at flushWork (webpack-internal:///(app-pages-browser)/./node_modules/next/dist/compiled/scheduler/cjs/scheduler.development.js:225:14)
    at MessagePort.performWorkUntilDeadline (webpack-internal:///(app-pages-browser)/./node_modules/next/dist/compiled/scheduler/cjs/scheduler.development.js:534:21)
[  538724ms] Error: Invalid src prop (https://media.licdn.com/dms/image/v2/D4D2DAQHhl4-fgUlyQQ/profile-treasury-document-images_1920/B4DZ5Gcg_RGQAk-/1/1779298342112?e=1782950400&v=beta&t=1J8FleRgXcN-lRxQTvUMSX-SVFVtV9BHYmivLyfBzgk) on `next/image`, hostname "media.licdn.com" is not configured under images in your `next.config.js`
See more info: https://nextjs.org/docs/messages/next-image-unconfigured-host
    at defaultLoader (webpack-internal:///(app-pages-browser)/./node_modules/next/dist/shared/lib/image-loader.js:51:27)
    at eval (webpack-internal:///(app-pages-browser)/./node_modules/next/dist/shared/lib/get-img-props.js:100:36)
    at Array.map (<anonymous>)
    at generateImgAttrs (webpack-internal:///(app-pages-browser)/./node_modules/next/dist/shared/lib/get-img-props.js:100:24)
    at getImgProps (webpack-internal:///(app-pages-browser)/./node_modules/next/dist/shared/lib/get-img-props.js:400:27)
    at eval (webpack-internal:///(app-pages-browser)/./node_modules/next/dist/client/image-component.js:280:82)
    at renderWithHooks (webpack-internal:///(app-pages-browser)/./node_modules/next/dist/compiled/react-dom/cjs/react-dom.development.js:11121:18)
    at updateForwardRef (webpack-internal:///(app-pages-browser)/./node_modules/next/dist/compiled/react-dom/cjs/react-dom.development.js:15854:20)
    at beginWork$1 (webpack-internal:///(app-pages-browser)/./node_modules/next/dist/compiled/react-dom/cjs/react-dom.development.js:18521:16)
    at beginWork (webpack-internal:///(app-pages-browser)/./node_modules/next/dist/compiled/react-dom/cjs/react-dom.development.js:26927:14)
    at performUnitOfWork (webpack-internal:///(app-pages-browser)/./node_modules/next/dist/compiled/react-dom/cjs/react-dom.development.js:25748:12)
    at workLoopSync (webpack-internal:///(app-pages-browser)/./node_modules/next/dist/compiled/react-dom/cjs/react-dom.development.js:25464:5)
    at renderRootSync (webpack-internal:///(app-pages-browser)/./node_modules/next/dist/compiled/react-dom/cjs/react-dom.development.js:25419:7)
    at recoverFromConcurrentError (webpack-internal:///(app-pages-browser)/./node_modules/next/dist/compiled/react-dom/cjs/react-dom.development.js:24597:20)
    at performConcurrentWorkOnRoot (webpack-internal:///(app-pages-browser)/./node_modules/next/dist/compiled/react-dom/cjs/react-dom.development.js:24542:26)
    at workLoop (webpack-internal:///(app-pages-browser)/./node_modules/next/dist/compiled/scheduler/cjs/scheduler.development.js:256:34)
    at flushWork (webpack-internal:///(app-pages-browser)/./node_modules/next/dist/compiled/scheduler/cjs/scheduler.development.js:225:14)
    at MessagePort.performWorkUntilDeadline (webpack-internal:///(app-pages-browser)/./node_modules/next/dist/compiled/scheduler/cjs/scheduler.development.js:534:21)
[  538724ms] Error: Invalid src prop (https://media.licdn.com/dms/image/v2/D4D2DAQHhl4-fgUlyQQ/profile-treasury-document-images_1920/B4DZ5Gcg_RGQAk-/1/1779298342112?e=1782950400&v=beta&t=1J8FleRgXcN-lRxQTvUMSX-SVFVtV9BHYmivLyfBzgk) on `next/image`, hostname "media.licdn.com" is not configured under images in your `next.config.js`
See more info: https://nextjs.org/docs/messages/next-image-unconfigured-host
    at defaultLoader (webpack-internal:///(app-pages-browser)/./node_modules/next/dist/shared/lib/image-loader.js:51:27)
    at eval (webpack-internal:///(app-pages-browser)/./node_modules/next/dist/shared/lib/get-img-props.js:100:36)
    at Array.map (<anonymous>)
    at generateImgAttrs (webpack-internal:///(app-pages-browser)/./node_modules/next/dist/shared/lib/get-img-props.js:100:24)
    at getImgProps (webpack-internal:///(app-pages-browser)/./node_modules/next/dist/shared/lib/get-img-props.js:400:27)
    at eval (webpack-internal:///(app-pages-browser)/./node_modules/next/dist/client/image-component.js:280:82)
    at renderWithHooks (webpack-internal:///(app-pages-browser)/./node_modules/next/dist/compiled/react-dom/cjs/react-dom.development.js:11121:18)
    at updateForwardRef (webpack-internal:///(app-pages-browser)/./node_modules/next/dist/compiled/react-dom/cjs/react-dom.development.js:15854:20)
    at beginWork$1 (webpack-internal:///(app-pages-browser)/./node_modules/next/dist/compiled/react-dom/cjs/react-dom.development.js:18521:16)
    at beginWork (webpack-internal:///(app-pages-browser)/./node_modules/next/dist/compiled/react-dom/cjs/react-dom.development.js:26927:14)
    at performUnitOfWork (webpack-internal:///(app-pages-browser)/./node_modules/next/dist/compiled/react-dom/cjs/react-dom.development.js:25748:12)
    at workLoopSync (webpack-internal:///(app-pages-browser)/./node_modules/next/dist/compiled/react-dom/cjs/react-dom.development.js:25464:5)
    at renderRootSync (webpack-internal:///(app-pages-browser)/./node_modules/next/dist/compiled/react-dom/cjs/react-dom.development.js:25419:7)
    at recoverFromConcurrentError (webpack-internal:///(app-pages-browser)/./node_modules/next/dist/compiled/react-dom/cjs/react-dom.development.js:24597:20)
    at performConcurrentWorkOnRoot (webpack-internal:///(app-pages-browser)/./node_modules/next/dist/compiled/react-dom/cjs/react-dom.development.js:24542:26)
    at workLoop (webpack-internal:///(app-pages-browser)/./node_modules/next/dist/compiled/scheduler/cjs/scheduler.development.js:256:34)
    at flushWork (webpack-internal:///(app-pages-browser)/./node_modules/next/dist/compiled/scheduler/cjs/scheduler.development.js:225:14)
    at MessagePort.performWorkUntilDeadline (webpack-internal:///(app-pages-browser)/./node_modules/next/dist/compiled/scheduler/cjs/scheduler.development.js:534:21)
[  538724ms] Error: Invalid src prop (https://media.licdn.com/dms/image/v2/D4D2DAQHhl4-fgUlyQQ/profile-treasury-document-images_1920/B4DZ5Gcg_RGQAk-/1/1779298342112?e=1782950400&v=beta&t=1J8FleRgXcN-lRxQTvUMSX-SVFVtV9BHYmivLyfBzgk) on `next/image`, hostname "media.licdn.com" is not configured under images in your `next.config.js`
See more info: https://nextjs.org/docs/messages/next-image-unconfigured-host
    at defaultLoader (webpack-internal:///(app-pages-browser)/./node_modules/next/dist/shared/lib/image-loader.js:51:27)
    at eval (webpack-internal:///(app-pages-browser)/./node_modules/next/dist/shared/lib/get-img-props.js:100:36)
    at Array.map (<anonymous>)
    at generateImgAttrs (webpack-internal:///(app-pages-browser)/./node_modules/next/dist/shared/lib/get-img-props.js:100:24)
    at getImgProps (webpack-internal:///(app-pages-browser)/./node_modules/next/dist/shared/lib/get-img-props.js:400:27)
    at eval (webpack-internal:///(app-pages-browser)/./node_modules/next/dist/client/image-component.js:280:82)
    at renderWithHooks (webpack-internal:///(app-pages-browser)/./node_modules/next/dist/compiled/react-dom/cjs/react-dom.development.js:11121:18)
    at updateForwardRef (webpack-internal:///(app-pages-browser)/./node_modules/next/dist/compiled/react-dom/cjs/react-dom.development.js:15854:20)
    at beginWork$1 (webpack-internal:///(app-pages-browser)/./node_modules/next/dist/compiled/react-dom/cjs/react-dom.development.js:18521:16)
    at beginWork (webpack-internal:///(app-pages-browser)/./node_modules/next/dist/compiled/react-dom/cjs/react-dom.development.js:26927:14)
    at performUnitOfWork (webpack-internal:///(app-pages-browser)/./node_modules/next/dist/compiled/react-dom/cjs/react-dom.development.js:25748:12)
    at workLoopSync (webpack-internal:///(app-pages-browser)/./node_modules/next/dist/compiled/react-dom/cjs/react-dom.development.js:25464:5)
    at renderRootSync (webpack-internal:///(app-pages-browser)/./node_modules/next/dist/compiled/react-dom/cjs/react-dom.development.js:25419:7)
    at recoverFromConcurrentError (webpack-internal:///(app-pages-browser)/./node_modules/next/dist/compiled/react-dom/cjs/react-dom.development.js:24597:20)
    at performConcurrentWorkOnRoot (webpack-internal:///(app-pages-browser)/./node_modules/next/dist/compiled/react-dom/cjs/react-dom.development.js:24542:26)
    at workLoop (webpack-internal:///(app-pages-browser)/./node_modules/next/dist/compiled/scheduler/cjs/scheduler.development.js:256:34)
    at flushWork (webpack-internal:///(app-pages-browser)/./node_modules/next/dist/compiled/scheduler/cjs/scheduler.development.js:225:14)
    at MessagePort.performWorkUntilDeadline (webpack-internal:///(app-pages-browser)/./node_modules/next/dist/compiled/scheduler/cjs/scheduler.development.js:534:21)
[  538723ms] [ERROR] The above error occurred in the <NotFoundErrorBoundary> component:

    at eval (webpack-internal:///(app-pages-browser)/./node_modules/next/dist/client/image-component.js:243:47)
    at div
    at div
    at div
    at div
    at TweetCard (webpack-internal:///(app-pages-browser)/./src/components/GlobalComponents/TweetCard/index.tsx:21:11)
    at div
    at section
    at CoursesSection (webpack-internal:///(app-pages-browser)/./src/components/CoursesSection/index.tsx:28:68)
    at section
    at main
    at div
    at div
    at HomeContent (webpack-internal:///(app-pages-browser)/./src/components/HomeContent/index.tsx:40:71)
    at BailoutToCSR (webpack-internal:///(app-pages-browser)/./node_modules/next/dist/shared/lib/lazy-dynamic/dynamic-bailout-to-csr.js:13:11)
    at Suspense
    at LoadableComponent
    at Home
    at ClientPageRoot (webpack-internal:///(app-pages-browser)/./node_modules/next/dist/client/components/client-page.js:14:11)
    at InnerLayoutRouter (webpack-internal:///(app-pages-browser)/./node_modules/next/dist/client/components/layout-router.js:243:11)
    at RedirectErrorBoundary (webpack-internal:///(app-pages-browser)/./node_modules/next/dist/client/components/redirect-boundary.js:74:9)
    at RedirectBoundary (webpack-internal:///(app-pages-browser)/./node_modules/next/dist/client/components/redirect-boundary.js:82:11)
    at NotFoundErrorBoundary (webpack-internal:///(app-pages-browser)/./node_modules/next/dist/client/components/not-found-boundary.js:76:9)
    at NotFoundBoundary (webpack-internal:///(app-pages-browser)/./node_modules/next/dist/client/components/not-found-boundary.js:84:11)
    at LoadingBoundary (webpack-internal:///(app-pages-browser)/./node_modules/next/dist/client/components/layout-router.js:349:11)
    at ErrorBoundary (webpack-internal:///(app-pages-browser)/./node_modules/next/dist/client/components/error-boundary.js:160:11)
    at InnerScrollAndFocusHandler (webpack-internal:///(app-pages-browser)/./node_modules/next/dist/client/components/layout-router.js:153:9)
    at ScrollAndFocusHandler (webpack-internal:///(app-pages-browser)/./node_modules/next/dist/client/components/layout-router.js:228:11)
    at RenderFromTemplateContext (webpack-internal:///(app-pages-browser)/./node_modules/next/dist/client/components/render-from-template-context.js:16:44)
    at OuterLayoutRouter (webpack-internal:///(app-pages-browser)/./node_modules/next/dist/client/components/layout-router.js:370:11)
    at GlobalContextProvider (webpack-internal:///(app-pages-browser)/./src/context/GlobalContext/index.tsx:14:11)
    at body
    at html
    at RootLayout (Server)
    at RedirectErrorBoundary (webpack-internal:///(app-pages-browser)/./node_modules/next/dist/client/components/redirect-boundary.js:74:9)
    at RedirectBoundary (webpack-internal:///(app-pages-browser)/./node_modules/next/dist/client/components/redirect-boundary.js:82:11)
    at NotFoundErrorBoundary (webpack-internal:///(app-pages-browser)/./node_modules/next/dist/client/components/not-found-boundary.js:76:9)
    at NotFoundBoundary (webpack-internal:///(app-pages-browser)/./node_modules/next/dist/client/components/not-found-boundary.js:84:11)
    at DevRootNotFoundBoundary (webpack-internal:///(app-pages-browser)/./node_modules/next/dist/client/components/dev-root-not-found-boundary.js:33:11)
    at ReactDevOverlay (webpack-internal:///(app-pages-browser)/./node_modules/next/dist/client/components/react-dev-overlay/app/ReactDevOverlay.js:87:9)
    at HotReload (webpack-internal:///(app-pages-browser)/./node_modules/next/dist/client/components/react-dev-overlay/app/hot-reloader-client.js:321:11)
    at Router (webpack-internal:///(app-pages-browser)/./node_modules/next/dist/client/components/app-router.js:207:11)
    at ErrorBoundaryHandler (webpack-internal:///(app-pages-browser)/./node_modules/next/dist/client/components/error-boundary.js:113:9)
    at ErrorBoundary (webpack-internal:///(app-pages-browser)/./node_modules/next/dist/client/components/error-boundary.js:160:11)
    at AppRouter (webpack-internal:///(app-pages-browser)/./node_modules/next/dist/client/components/app-router.js:585:13)
    at ServerRoot (webpack-internal:///(app-pages-browser)/./node_modules/next/dist/client/app-index.js:112:27)
    at Root (webpack-internal:///(app-pages-browser)/./node_modules/next/dist/client/app-index.js:117:11)

React will try to recreate this component tree from scratch using the error boundary you provided, ReactDevOverlay. @ webpack-internal:///(app-pages-browser)/./node_modules/next/dist/client/app-index.js:32
